Lemma,ConstraintRatio,KStrategy,B-Cubed Precision,B-Cubed Recall,F-B-Cubed,Method
aboutir,0.15,oracle,0.9642857142857143,1.0,0.9818181768198347,COP-KMeans
investir,0.15,oracle,0.8503870513722731,0.7612135763396268,0.803333224746115,COP-KMeans
traduire,0.15,oracle,1.0,1.0,0.999999995,COP-KMeans
témoigner,0.15,oracle,1.0,1.0,0.999999995,COP-KMeans
juger,0.15,oracle,0.7283674339300938,0.6644042232277526,0.6949170644061792,COP-KMeans
justifier,0.15,oracle,0.9479166666666666,0.9583333333333334,0.9530965341622623,COP-KMeans
viser,0.15,oracle,0.5216747181964574,0.5177922077922078,0.5197262072167863,COP-KMeans
prononcer,0.15,oracle,0.44715743440233235,0.5129823357914595,0.477813480699501,COP-KMeans
accomplir,0.15,oracle,0.7170524691358025,0.5528846153846154,0.624357348595211,COP-KMeans
convenir,0.15,oracle,0.6381868131868133,0.6570113759789631,0.6474622903792822,COP-KMeans
acquérir,0.15,oracle,0.7754285714285714,0.8169264069264068,0.7956367535101445,COP-KMeans
achever,0.15,oracle,1.0,1.0,0.999999995,COP-KMeans
observer,0.15,oracle,0.7150909090909091,0.6256862745098037,0.6674077825613184,COP-KMeans
adapter,0.15,oracle,0.668438596491228,0.6508974358974359,0.6595514024210205,COP-KMeans
admettre,0.15,oracle,0.9716312056737589,1.0,0.9856115057924022,COP-KMeans
entraîner,0.15,oracle,0.7861319966583125,0.8099415204678362,0.7978591635540925,COP-KMeans
payer,0.15,oracle,0.5471304347826088,0.5295767195767196,0.5382104817797259,COP-KMeans
respecter,0.15,oracle,0.9244649079143852,0.9244649079143852,0.9244649029143852,COP-KMeans
affecter,0.15,oracle,0.9166666666666666,0.8699494949494951,0.8926972859339253,COP-KMeans
demeurer,0.15,oracle,0.889855072463768,0.889855072463768,0.8898550674637682,COP-KMeans
aggraver,0.15,oracle,1.0,1.0,0.999999995,COP-KMeans
agir,0.15,oracle,0.725,0.7023848684210526,0.7135132749459461,COP-KMeans
ajouter,0.15,oracle,0.901047619047619,0.901047619047619,0.901047614047619,COP-KMeans
alimenter,0.15,oracle,0.523191094619666,0.5190334198195408,0.5211039592561688,COP-KMeans
coûter,0.15,oracle,0.4747873345935728,0.5432712215320911,0.5067258482274336,COP-KMeans
relancer,0.15,oracle,0.5555555555555555,0.5827067669172933,0.5688073344523862,COP-KMeans
préférer,0.15,oracle,0.6261904761904762,0.5690196078431373,0.596237700761907,COP-KMeans
appliquer,0.15,oracle,0.47461023276240666,0.4628858024691358,0.4686746990981298,COP-KMeans
apporter,0.15,oracle,0.5528165869218501,0.4936363636363636,0.5215530559164337,COP-KMeans
fonder,0.15,oracle,0.9119999999999999,0.8946666666666667,0.9032501795023054,COP-KMeans
appuyer,0.15,oracle,0.9271137026239068,0.9623233908948196,0.9443904752294359,COP-KMeans
changer,0.15,oracle,0.4100790513833991,0.5268115942028985,0.46117313161440054,COP-KMeans
chuter,0.15,oracle,0.9449035812672175,0.9420289855072463,0.9434640887751375,COP-KMeans
soutenir,0.15,oracle,0.6622529644268775,0.5304715153943765,0.5890821168040105,COP-KMeans
concevoir,0.15,oracle,1.0,1.0,0.999999995,COP-KMeans
interroger,0.15,oracle,1.0,1.0,0.999999995,COP-KMeans
confirmer,0.15,oracle,0.3918803418803418,0.4444235588972431,0.4165013554424187,COP-KMeans
transformer,0.15,oracle,1.0,1.0,0.999999995,COP-KMeans
manifester,0.15,oracle,0.7557000822306945,0.7510320367463226,0.7533588233927401,COP-KMeans
interpeller,0.15,oracle,1.0,1.0,0.999999995,COP-KMeans
signer,0.15,oracle,0.8933333333333333,0.9023333333333333,0.8978107740360765,COP-KMeans
rester,0.15,oracle,0.5781683626271972,0.5981689232753061,0.5879986091560958,COP-KMeans
tuer,0.15,oracle,0.7433583959899751,0.7014577259475221,0.7218004817206496,COP-KMeans
indiquer,0.15,oracle,0.948936170212766,0.9361702127659575,0.9425099609000421,COP-KMeans
conduire,0.15,oracle,0.49975839763073815,0.5933806146572104,0.5425603498181867,COP-KMeans
situer,0.15,oracle,0.897,0.7078014184397163,0.7912478903482921,COP-KMeans
aider,0.15,oracle,0.3183673469387755,0.4758746355685131,0.381503236118591,COP-KMeans
poursuivre,0.15,oracle,0.9607201309328969,0.9590834697217676,0.9599010976882859,COP-KMeans
profiter,0.15,oracle,0.9733333333333333,0.9466666666666668,0.9598148098157795,COP-KMeans
détenir,0.15,oracle,0.560985598252679,0.560985598252679,0.560985593252679,COP-KMeans
lire,0.15,oracle,0.8400000000000002,0.8611428571428573,0.8504400353098086,COP-KMeans
contenir,0.15,oracle,0.5174800354924579,0.5615160349854227,0.5385994313995055,COP-KMeans
noter,0.15,oracle,1.0,1.0,0.999999995,COP-KMeans
dater,0.15,oracle,1.0,1.0,0.999999995,COP-KMeans
adopter,0.15,oracle,0.7646739130434783,0.5853333333333333,0.6630914438727318,COP-KMeans
intervenir,0.15,oracle,0.5777198097284026,0.5777198097284028,0.5777198047284028,COP-KMeans
conclure,0.15,oracle,0.855,0.96875,0.9083276166781213,COP-KMeans
disputer,0.15,oracle,0.9233333333333333,0.6038297872340427,0.7301592856103443,COP-KMeans
dominer,0.15,oracle,0.7790316358024691,0.5528153153153154,0.646711869996393,COP-KMeans
enregistrer,0.15,oracle,0.9125925925925925,0.9199999999999998,0.916281320788279,COP-KMeans
estimer,0.15,oracle,0.7707883153261303,0.7002616431187859,0.7338343411374719,COP-KMeans
appartenir,0.15,oracle,0.6311728395061728,0.6415214233841685,0.6363050530303055,COP-KMeans
arriver,0.15,oracle,0.6079365079365079,0.6752599890530926,0.6398321651564606,COP-KMeans
chercher,0.15,oracle,0.8336666666666666,0.7324102564102563,0.7797650347794581,COP-KMeans
composer,0.15,oracle,0.9795918367346939,1.0,0.989690716650016,COP-KMeans
confier,0.15,oracle,1.0,1.0,0.999999995,COP-KMeans
aboutir,0.2,oracle,0.8355412340374746,0.822594752186589,0.8290174459994738,COP-KMeans
investir,0.2,oracle,0.9693877551020408,1.0,0.984455953550431,COP-KMeans
traduire,0.2,oracle,0.961904761904762,0.963718820861678,0.9628109319042057,COP-KMeans
témoigner,0.2,oracle,0.8136655011655011,0.5042635658914728,0.6226463535910751,COP-KMeans
juger,0.2,oracle,0.7558823529411764,0.6153846153846154,0.6784358967188803,COP-KMeans
justifier,0.2,oracle,0.9479166666666666,0.9583333333333334,0.9530965341622623,COP-KMeans
viser,0.2,oracle,0.561867954911433,0.5583116883116883,0.5600841715205739,COP-KMeans
prononcer,0.2,oracle,0.3656462585034013,0.5670210941519466,0.44459396751889824,COP-KMeans
accomplir,0.2,oracle,0.675705467372134,0.5165598290598291,0.5855111254811299,COP-KMeans
convenir,0.2,oracle,0.5989595838335334,0.6380609386611789,0.6178922729927558,COP-KMeans
acquérir,0.2,oracle,0.7605555555555555,0.8314285714285714,0.7944144723018983,COP-KMeans
achever,0.2,oracle,1.0,1.0,0.999999995,COP-KMeans
observer,0.2,oracle,0.73375,0.8172549019607842,0.7732545263904198,COP-KMeans
adapter,0.2,oracle,0.6733333333333333,0.8158974358974359,0.7377915469282823,COP-KMeans
admettre,0.2,oracle,0.9468085106382979,0.9601063829787234,0.9534110754477342,COP-KMeans
entraîner,0.2,oracle,0.8763888888888888,0.8760964912280702,0.8762426606655824,COP-KMeans
payer,0.2,oracle,0.7658181818181817,0.8,0.7825359912866373,COP-KMeans
respecter,0.2,oracle,1.0,1.0,0.999999995,COP-KMeans
affecter,0.2,oracle,0.9041666666666668,0.9280303030303031,0.9159430726660678,COP-KMeans
demeurer,0.2,oracle,0.8155879446640316,0.8115089514066496,0.8135433301911298,COP-KMeans
aggraver,0.2,oracle,1.0,1.0,0.999999995,COP-KMeans
agir,0.2,oracle,0.5497835497835498,0.7015076754385965,0.6164470255153145,COP-KMeans
ajouter,0.2,oracle,0.7649350649350649,0.7977142857142856,0.7809808704480203,COP-KMeans
alimenter,0.2,oracle,0.5266022198353025,0.537466599543043,0.5319789408210588,COP-KMeans
coûter,0.2,oracle,0.39001260239445495,0.5701863354037267,0.46319537639673736,COP-KMeans
relancer,0.2,oracle,0.5041666666666668,0.543233082706767,0.5229713107728161,COP-KMeans
préférer,0.2,oracle,0.7047058823529412,0.6850196078431371,0.6947233063019331,COP-KMeans
appliquer,0.2,oracle,0.4548611111111111,0.5309992283950618,0.4899900866241464,COP-KMeans
apporter,0.2,oracle,0.33412587412587413,0.5128571428571429,0.40463347127327287,COP-KMeans
fonder,0.2,oracle,0.8696666666666668,0.7353333333333333,0.7968783612517099,COP-KMeans
appuyer,0.2,oracle,0.6985589934898689,0.7292455443715947,0.7135725043686031,COP-KMeans
changer,0.2,oracle,0.4484228473998296,0.6068236714975845,0.515734648143096,COP-KMeans
chuter,0.2,oracle,0.5828877005347594,0.5067193675889329,0.5421412781182599,COP-KMeans
soutenir,0.2,oracle,0.5551839464882944,0.5273993187737929,0.5409350797539085,COP-KMeans
concevoir,0.2,oracle,0.98,0.9733333333333333,0.9766552851024475,COP-KMeans
interroger,0.2,oracle,1.0,1.0,0.999999995,COP-KMeans
confirmer,0.2,oracle,0.3668478260869565,0.5400584795321638,0.43691233761218373,COP-KMeans
transformer,0.2,oracle,1.0,1.0,0.999999995,COP-KMeans
manifester,0.2,oracle,0.7762237762237761,0.7478923193208907,0.7617947191819193,COP-KMeans
interpeller,0.2,oracle,1.0,1.0,0.999999995,COP-KMeans
signer,0.2,oracle,0.856,0.8623333333333332,0.8591549901504074,COP-KMeans
rester,0.2,oracle,0.4383287079864322,0.5252095422308188,0.4778521612961656,COP-KMeans
tuer,0.2,oracle,0.7280788177339901,0.678134110787172,0.7022195118845219,COP-KMeans
indiquer,0.2,oracle,0.948936170212766,0.9361702127659575,0.9425099609000421,COP-KMeans
conduire,0.2,oracle,0.29137115839243494,0.5025329280648431,0.3688697464441788,COP-KMeans
situer,0.2,oracle,1.0,1.0,0.999999995,COP-KMeans
aider,0.2,oracle,0.39632653061224493,0.5731778425655978,0.46862209126529414,COP-KMeans
poursuivre,0.2,oracle,0.9607201309328969,1.0,0.9799666060203708,COP-KMeans
profiter,0.2,oracle,0.8480000000000001,0.7499224806201549,0.7959513271749307,COP-KMeans
détenir,0.2,oracle,0.5136054421768707,0.5217391304347827,0.5176403320950094,COP-KMeans
lire,0.2,oracle,0.7724444444444444,0.8451428571428571,0.8071600217008398,COP-KMeans
contenir,0.2,oracle,0.5300680272108843,0.5800777453838678,0.5539464653117676,COP-KMeans
noter,0.2,oracle,1.0,1.0,0.999999995,COP-KMeans
dater,0.2,oracle,1.0,1.0,0.999999995,COP-KMeans
adopter,0.2,oracle,0.6875,0.644361111111111,0.6652319177532799,COP-KMeans
intervenir,0.2,oracle,0.596808905380334,0.583167101427037,0.5899091413708097,COP-KMeans
conclure,0.2,oracle,0.45467032967032966,0.5261994949494949,0.48782680310232535,COP-KMeans
disputer,0.2,oracle,0.98,0.98,0.979999995,COP-KMeans
dominer,0.2,oracle,0.8168876262626265,0.7135698198198198,0.7617413394519884,COP-KMeans
enregistrer,0.2,oracle,0.7426455026455027,0.6732275132275132,0.7062347764515837,COP-KMeans
estimer,0.2,oracle,0.8472876330019187,0.8167451596023024,0.8317360955411417,COP-KMeans
appartenir,0.2,oracle,0.5752840909090909,0.6151960784313725,0.5945710358778096,COP-KMeans
arriver,0.2,oracle,0.814246618187505,0.781593556963015,0.7975860195477552,COP-KMeans
chercher,0.2,oracle,0.98,0.9630769230769232,0.9714647614295164,COP-KMeans
composer,0.2,oracle,0.9795918367346939,1.0,0.989690716650016,COP-KMeans
confier,0.2,oracle,1.0,1.0,0.999999995,COP-KMeans
aboutir,0.25,oracle,0.9642857142857143,1.0,0.9818181768198347,COP-KMeans
investir,0.25,oracle,0.718562424969988,0.8259303721488596,0.7685144642075127,COP-KMeans
traduire,0.25,oracle,1.0,1.0,0.999999995,COP-KMeans
témoigner,0.25,oracle,1.0,1.0,0.999999995,COP-KMeans
juger,0.25,oracle,0.8112745098039217,0.7997737556561084,0.8054830776423227,COP-KMeans
justifier,0.25,oracle,0.798611111111111,0.6989087301587302,0.7454409062878511,COP-KMeans
viser,0.25,oracle,0.5703846153846154,0.5648051948051949,0.5675811887607086,COP-KMeans
prononcer,0.25,oracle,0.30948643193541153,0.5265877779683301,0.38985001241391787,COP-KMeans
accomplir,0.25,oracle,0.6840277777777777,0.5731837606837606,0.6237193964032649,COP-KMeans
convenir,0.25,oracle,0.3105590062111801,0.5292174012462127,0.39142139927744724,COP-KMeans
acquérir,0.25,oracle,0.7946666666666666,0.8714285714285714,0.8312792907691594,COP-KMeans
achever,0.25,oracle,1.0,1.0,0.999999995,COP-KMeans
observer,0.25,oracle,0.5402693602693602,0.5539215686274509,0.5470102902213415,COP-KMeans
adapter,0.25,oracle,0.8149743589743589,0.8789743589743588,0.8457653445361099,COP-KMeans
admettre,0.25,oracle,0.6052266419981499,0.6728723404255319,0.6372593508065032,COP-KMeans
entraîner,0.25,oracle,0.8220238095238096,0.788377192982456,0.8048490015645774,COP-KMeans
payer,0.25,oracle,0.6825,0.45402116402116405,0.545294626316701,COP-KMeans
respecter,0.25,oracle,1.0,1.0,0.999999995,COP-KMeans
affecter,0.25,oracle,0.9034722222222221,0.9791666666666666,0.9397977326202801,COP-KMeans
demeurer,0.25,oracle,0.7109099409239662,0.6532821824381927,0.6808788679629809,COP-KMeans
aggraver,0.25,oracle,1.0,1.0,0.999999995,COP-KMeans
agir,0.25,oracle,0.45748050682261204,0.7109649122807017,0.5567270499793457,COP-KMeans
ajouter,0.25,oracle,0.46571428571428575,0.6061904761904762,0.5267474723975453,COP-KMeans
alimenter,0.25,oracle,0.5291545189504373,0.5255392479572474,0.5273406822551729,COP-KMeans
coûter,0.25,oracle,0.4030434782608694,0.6221532091097308,0.48918377137553753,COP-KMeans
relancer,0.25,oracle,0.6410314579552329,0.675360275689223,0.6577482489696319,COP-KMeans
préférer,0.25,oracle,0.6533333333333333,0.6003137254901961,0.6257023640446455,COP-KMeans
appliquer,0.25,oracle,0.47465034965034963,0.5610918209876544,0.5142639432791861,COP-KMeans
apporter,0.25,oracle,0.40210526315789474,0.5082467532467533,0.44898827823906046,COP-KMeans
fonder,0.25,oracle,0.8550000000000001,0.7473333333333335,0.7975494021371997,COP-KMeans
appuyer,0.25,oracle,0.8554278854398901,0.8881706528765351,0.8714918284757142,COP-KMeans
changer,0.25,oracle,0.36939799331103673,0.6628019323671498,0.47439976561951036,COP-KMeans
chuter,0.25,oracle,0.7745920745920745,0.7451910408432147,0.7596071631981682,COP-KMeans
soutenir,0.25,oracle,0.5474192728197304,0.4121084618980832,0.47022322340757655,COP-KMeans
concevoir,0.25,oracle,0.98,0.9733333333333333,0.9766552851024475,COP-KMeans
interroger,0.25,oracle,1.0,1.0,0.999999995,COP-KMeans
confirmer,0.25,oracle,0.36690283400809715,0.4816624895572264,0.41652263052374033,COP-KMeans
transformer,0.25,oracle,1.0,1.0,0.999999995,COP-KMeans
manifester,0.25,oracle,0.9244142101284959,0.9244142101284959,0.924414205128496,COP-KMeans
interpeller,0.25,oracle,1.0,1.0,0.999999995,COP-KMeans
signer,0.25,oracle,0.825111111111111,0.7529999999999998,0.7874080074021881,COP-KMeans
rester,0.25,oracle,0.43483466887722216,0.5115151515151516,0.4700682863599222,COP-KMeans
tuer,0.25,oracle,0.6071428571428571,0.5189504373177842,0.5595931526820781,COP-KMeans
indiquer,0.25,oracle,0.9361702127659575,1.0,0.9670329620384013,COP-KMeans
conduire,0.25,oracle,0.2787234042553191,0.5080209388720026,0.35995765321361695,COP-KMeans
situer,0.25,oracle,1.0,1.0,0.999999995,COP-KMeans
aider,0.25,oracle,0.32622139764996905,0.48768221574344023,0.39093664030037073,COP-KMeans
poursuivre,0.25,oracle,0.9607201309328969,1.0,0.9799666060203708,COP-KMeans
profiter,0.25,oracle,0.9657142857142857,1.0,0.9825581345364048,COP-KMeans
détenir,0.25,oracle,0.6754130223517979,0.6808408982322025,0.6781160938169075,COP-KMeans
lire,0.25,oracle,0.6482539682539682,0.5556190476190476,0.5983724939685293,COP-KMeans
contenir,0.25,oracle,0.5222192773213181,0.5488824101068999,0.5352189735645866,COP-KMeans
noter,0.25,oracle,1.0,1.0,0.999999995,COP-KMeans
dater,0.25,oracle,1.0,1.0,0.999999995,COP-KMeans
adopter,0.25,oracle,0.5725757575757575,0.5431111111111112,0.5574543571907223,COP-KMeans
intervenir,0.25,oracle,0.5422634508348794,0.526776123983428,0.5344075988677724,COP-KMeans
conclure,0.25,oracle,0.41384057971014493,0.5271915584415584,0.46368928116274655,COP-KMeans
disputer,0.25,oracle,0.8874012474012473,0.6425531914893616,0.7453849414442029,COP-KMeans
dominer,0.25,oracle,0.7821296296296296,0.5415540540540541,0.6399798890669719,COP-KMeans
enregistrer,0.25,oracle,0.7059454191033139,0.5834920634920634,0.6389042534760848,COP-KMeans
estimer,0.25,oracle,1.0,1.0,0.999999995,COP-KMeans
appartenir,0.25,oracle,0.5524607487922705,0.6183732752360204,0.5835617222274321,COP-KMeans
arriver,0.25,oracle,0.826530612244898,0.8387755102040817,0.8326080382175575,COP-KMeans
chercher,0.25,oracle,0.6365473684210525,0.6090256410256409,0.6224824446952587,COP-KMeans
composer,0.25,oracle,0.9795918367346939,1.0,0.989690716650016,COP-KMeans
confier,0.25,oracle,1.0,1.0,0.999999995,COP-KMeans
aboutir,0.3,oracle,0.9642857142857143,1.0,0.9818181768198347,COP-KMeans
investir,0.3,oracle,0.942857142857143,0.9603841536614647,0.9515399398543591,COP-KMeans
traduire,0.3,oracle,1.0,1.0,0.999999995,COP-KMeans
témoigner,0.3,oracle,1.0,1.0,0.999999995,COP-KMeans
juger,0.3,oracle,0.704912734324499,0.7458521870286576,0.724804815994403,COP-KMeans
justifier,0.3,oracle,0.9416666666666668,0.96875,0.9550163526891183,COP-KMeans
viser,0.3,oracle,0.52,0.512987012987013,0.5164696957797125,COP-KMeans
prononcer,0.3,oracle,0.3200236616385685,0.5364088492539874,0.40088044273397705,COP-KMeans
accomplir,0.3,oracle,0.7411458333333334,0.5980235042735043,0.6619366388870348,COP-KMeans
convenir,0.3,oracle,0.4304267161410018,0.5640027439547248,0.48824347281577946,COP-KMeans
acquérir,0.3,oracle,0.7661111111111112,0.8414285714285714,0.8020054257688135,COP-KMeans
achever,0.3,oracle,1.0,1.0,0.999999995,COP-KMeans
observer,0.3,oracle,0.6514770797962649,0.7894117647058824,0.7138422503866179,COP-KMeans
adapter,0.3,oracle,0.29262479871175523,0.527912087912088,0.3765343620704851,COP-KMeans
admettre,0.3,oracle,0.6654196866962825,0.759498480243161,0.7093533494747255,COP-KMeans
entraîner,0.3,oracle,0.8194444444444443,0.6582602339181287,0.730061555506902,COP-KMeans
payer,0.3,oracle,0.4546031746031746,0.6066666666666666,0.5197407469223752,COP-KMeans
respecter,0.3,oracle,1.0,1.0,0.999999995,COP-KMeans
affecter,0.3,oracle,0.881712962962963,0.6919642857142857,0.7753989927191592,COP-KMeans
demeurer,0.3,oracle,0.6402736131934033,0.6021312872975277,0.6206169529424078,COP-KMeans
aggraver,0.3,oracle,1.0,1.0,0.999999995,COP-KMeans
agir,0.3,oracle,0.6668402777777778,0.6776315789473685,0.6721926155835801,COP-KMeans
ajouter,0.3,oracle,0.9377777777777778,0.9733333333333334,0.9552248012032811,COP-KMeans
alimenter,0.3,oracle,0.5245578231292517,0.5137667970413973,0.5191062309825608,COP-KMeans
coûter,0.3,oracle,0.3308695652173913,0.5167701863354036,0.40343441784014433,COP-KMeans
relancer,0.3,oracle,0.5537918871252204,0.5776942355889724,0.5654905909288582,COP-KMeans
préférer,0.3,oracle,0.6261904761904762,0.5690196078431373,0.596237700761907,COP-KMeans
appliquer,0.3,oracle,0.44274475524475526,0.5191358024691358,0.477906845231858,COP-KMeans
apporter,0.3,oracle,0.44822742474916394,0.6870779220779221,0.5425274632292589,COP-KMeans
fonder,0.3,oracle,0.7973333333333332,0.682,0.7351707926869933,COP-KMeans
appuyer,0.3,oracle,0.7898359343737493,0.8540954843475851,0.8207097852600599,COP-KMeans
changer,0.3,oracle,0.4478350886668467,0.6814613526570048,0.5404821823931528,COP-KMeans
chuter,0.3,oracle,0.6027183600713013,0.5301712779973649,0.5641219579969358,COP-KMeans
soutenir,0.3,oracle,0.6130434782608696,0.69344820677219,0.650771684641484,COP-KMeans
concevoir,0.3,oracle,1.0,1.0,0.999999995,COP-KMeans
interroger,0.3,oracle,1.0,1.0,0.999999995,COP-KMeans
confirmer,0.3,oracle,0.44097222222222227,0.7182957393483709,0.5464628992795684,COP-KMeans
transformer,0.3,oracle,1.0,1.0,0.999999995,COP-KMeans
manifester,0.3,oracle,0.6182969739619986,0.7939415082272225,0.6951965050587843,COP-KMeans
interpeller,0.3,oracle,1.0,1.0,0.999999995,COP-KMeans
signer,0.3,oracle,0.768349146110057,0.6679999999999999,0.7146691699830552,COP-KMeans
rester,0.3,oracle,0.4336170212765956,0.5432366215344939,0.48227622428454403,COP-KMeans
tuer,0.3,oracle,0.6704761904761904,0.5965014577259475,0.6313292462585475,COP-KMeans
indiquer,0.3,oracle,0.9392097264437691,0.9645390070921986,0.9517058593696645,COP-KMeans
conduire,0.3,oracle,0.39739952718676114,0.5976865923674435,0.4773865541048127,COP-KMeans
situer,0.3,oracle,1.0,1.0,0.999999995,COP-KMeans
aider,0.3,oracle,0.3129251700680272,0.5514577259475218,0.3992790729120495,COP-KMeans
poursuivre,0.3,oracle,0.9590228526398739,1.0,0.9790828590408039,COP-KMeans
profiter,0.3,oracle,0.8064912280701755,0.732248062015504,0.7675785479112763,COP-KMeans
détenir,0.3,oracle,0.5022332165189308,0.5055627602211453,0.5038924833177405,COP-KMeans
lire,0.3,oracle,0.723878787878788,0.8022857142857143,0.7610681623908861,COP-KMeans
contenir,0.3,oracle,0.5033130135170951,0.5290573372206026,0.5158641759718007,COP-KMeans
noter,0.3,oracle,1.0,1.0,0.999999995,COP-KMeans
dater,0.3,oracle,1.0,1.0,0.999999995,COP-KMeans
adopter,0.3,oracle,0.767,0.6010277777777777,0.6739458213847896,COP-KMeans
intervenir,0.3,oracle,0.5757911860396332,0.5598434862666871,0.5677053545060876,COP-KMeans
conclure,0.3,oracle,0.4692028985507246,0.5148809523809524,0.4909818052233521,COP-KMeans
disputer,0.3,oracle,0.98,0.98,0.979999995,COP-KMeans
dominer,0.3,oracle,0.6969288793103449,0.5392454954954955,0.608030328840465,COP-KMeans
enregistrer,0.3,oracle,0.7722222222222223,0.5259259259259259,0.6257092993486334,COP-KMeans
estimer,0.3,oracle,0.7045038705137227,0.5605442176870747,0.6243328953520132,COP-KMeans
appartenir,0.3,oracle,0.6671401515151515,0.703068264342774,0.6846331690092341,COP-KMeans
arriver,0.3,oracle,0.5567655633682044,0.6526389866291344,0.600902171341943,COP-KMeans
chercher,0.3,oracle,0.4735897435897436,0.5505641025641026,0.5091842609317533,COP-KMeans
composer,0.3,oracle,1.0,1.0,0.999999995,COP-KMeans
confier,0.3,oracle,1.0,1.0,0.999999995,COP-KMeans
aboutir,0.4,oracle,0.697278911564626,0.5498542274052478,0.6148529650118396,COP-KMeans
investir,0.4,oracle,0.7068385248836379,0.7711084433773508,0.7375760601148107,COP-KMeans
traduire,0.4,oracle,0.7798392084106368,0.7693553611920958,0.7745618061901272,COP-KMeans
témoigner,0.4,oracle,1.0,1.0,0.999999995,COP-KMeans
juger,0.4,oracle,0.9529411764705882,1.0,0.9759036094607345,COP-KMeans
justifier,0.4,oracle,0.9375,1.0,0.967741930489074,COP-KMeans
viser,0.4,oracle,0.5511688311688312,0.5511688311688311,0.5511688261688311,COP-KMeans
prononcer,0.4,oracle,0.5124597207303975,0.697793403075516,0.5909359000675621,COP-KMeans
accomplir,0.4,oracle,0.6768840579710145,0.5349893162393162,0.5976296601037602,COP-KMeans
convenir,0.4,oracle,0.4280148423005566,0.5741668095809753,0.4904338720300098,COP-KMeans
acquérir,0.4,oracle,0.8036363636363636,0.92,0.8578902903814382,COP-KMeans
achever,0.4,oracle,1.0,1.0,0.999999995,COP-KMeans
observer,0.4,oracle,0.5979545454545455,0.6856862745098039,0.6388223481646618,COP-KMeans
adapter,0.4,oracle,0.35675324675324677,0.6529120879120879,0.4613974490414654,COP-KMeans
admettre,0.4,oracle,0.6944899072558647,0.7796352583586624,0.7346035835053053,COP-KMeans
entraîner,0.4,oracle,0.8657407407407406,0.8585526315789472,0.862131698525841,COP-KMeans
payer,0.4,oracle,0.579047619047619,0.5903703703703703,0.5846541741094483,COP-KMeans
respecter,0.4,oracle,1.0,1.0,0.999999995,COP-KMeans
affecter,0.4,oracle,0.9583333333333334,0.9583333333333334,0.9583333283333335,COP-KMeans
demeurer,0.4,oracle,0.6673827118061522,0.6161125319693095,0.6407236040085363,COP-KMeans
aggraver,0.4,oracle,1.0,1.0,0.999999995,COP-KMeans
agir,0.4,oracle,0.4230072463768116,0.6466008771929824,0.5114337634164726,COP-KMeans
ajouter,0.4,oracle,0.8731111111111112,0.9010476190476191,0.8868594111937269,COP-KMeans
alimenter,0.4,oracle,0.5547996976568405,0.5518723618479651,0.5533321531019049,COP-KMeans
coûter,0.4,oracle,0.4822993641519161,0.7503105590062111,0.5871675958313745,COP-KMeans
relancer,0.4,oracle,0.8122023809523808,0.8480576441102757,0.8297428392959402,COP-KMeans
préférer,0.4,oracle,1.0,1.0,0.999999995,COP-KMeans
appliquer,0.4,oracle,0.4828260869565217,0.5610918209876544,0.5190250376855116,COP-KMeans
apporter,0.4,oracle,0.3840579710144928,0.5346753246753246,0.44702052069863535,COP-KMeans
fonder,0.4,oracle,0.7955555555555556,0.67,0.7273995401466296,COP-KMeans
appuyer,0.4,oracle,0.8874635568513118,0.9623233908948196,0.9233787012590023,COP-KMeans
changer,0.4,oracle,0.4697722567287784,0.6495772946859903,0.5452334144102811,COP-KMeans
chuter,0.4,oracle,0.7044289044289044,0.6658761528326748,0.6846101937908327,COP-KMeans
soutenir,0.4,oracle,0.5567422810333964,0.5163961797902892,0.5358107921202521,COP-KMeans
concevoir,0.4,oracle,1.0,1.0,0.999999995,COP-KMeans
interroger,0.4,oracle,1.0,1.0,0.999999995,COP-KMeans
confirmer,0.4,oracle,0.3018077601410934,0.5216791979949874,0.3823905813966715,COP-KMeans
transformer,0.4,oracle,1.0,1.0,0.999999995,COP-KMeans
manifester,0.4,oracle,0.6265374836803408,0.7899877899877898,0.6988325133109363,COP-KMeans
interpeller,0.4,oracle,1.0,1.0,0.999999995,COP-KMeans
signer,0.4,oracle,0.7257739130434783,0.5413333333333333,0.620130000230015,COP-KMeans
rester,0.4,oracle,0.4622897669706181,0.6151901998710511,0.5278912652736689,COP-KMeans
tuer,0.4,oracle,1.0,1.0,0.999999995,COP-KMeans
indiquer,0.4,oracle,0.9361702127659575,1.0,0.9670329620384013,COP-KMeans
conduire,0.4,oracle,0.24468085106382972,0.5009287402904423,0.32877170646401116,COP-KMeans
situer,0.4,oracle,1.0,1.0,0.999999995,COP-KMeans
aider,0.4,oracle,0.31306259877688447,0.6187317784256559,0.415760775467464,COP-KMeans
poursuivre,0.4,oracle,1.0,1.0,0.999999995,COP-KMeans
profiter,0.4,oracle,0.98,0.9666666666666667,0.9732876662331114,COP-KMeans
détenir,0.4,oracle,0.63022351797862,0.6364070711896798,0.6333001958660844,COP-KMeans
lire,0.4,oracle,0.6396204933586337,0.652,0.6457509161327322,COP-KMeans
contenir,0.4,oracle,0.5139146567717997,0.5488824101068999,0.5308232804452099,COP-KMeans
noter,0.4,oracle,1.0,1.0,0.999999995,COP-KMeans
dater,0.4,oracle,1.0,1.0,0.999999995,COP-KMeans
adopter,0.4,oracle,0.592210953346856,0.6129999999999999,0.6024261734120073,COP-KMeans
intervenir,0.4,oracle,0.5389100695223145,0.5267761239834279,0.5327740129593875,COP-KMeans
conclure,0.4,oracle,0.41384057971014493,0.5271915584415584,0.46368928116274655,COP-KMeans
disputer,0.4,oracle,0.923843137254902,0.5868085106382979,0.717728686958868,COP-KMeans
dominer,0.4,oracle,0.7018229166666666,0.6099662162162162,0.6526784754327173,COP-KMeans
enregistrer,0.4,oracle,0.7903225806451611,0.7798941798941801,0.7850737458018598,COP-KMeans
estimer,0.4,oracle,1.0,1.0,0.999999995,COP-KMeans
appartenir,0.4,oracle,0.5320803140096618,0.5751633986928104,0.5527836654361763,COP-KMeans
arriver,0.4,oracle,0.8775510204081632,0.9,0.8886337493061937,COP-KMeans
chercher,0.4,oracle,0.607,0.5721025641025641,0.589034854197595,COP-KMeans
composer,0.4,oracle,1.0,1.0,0.999999995,COP-KMeans
confier,0.4,oracle,1.0,1.0,0.999999995,COP-KMeans
aboutir,0.5,oracle,0.9642857142857143,1.0,0.9818181768198347,COP-KMeans
investir,0.5,oracle,0.5427599611273081,0.5599694423223835,0.5512304089116293,COP-KMeans
traduire,0.5,oracle,0.7784256559766763,0.7784256559766763,0.7784256509766765,COP-KMeans
témoigner,0.5,oracle,0.8302620802620803,0.6786821705426357,0.7468586950335834,COP-KMeans
juger,0.5,oracle,0.6524509803921569,0.6791101055806938,0.6655136674094885,COP-KMeans
justifier,0.5,oracle,0.9375,1.0,0.967741930489074,COP-KMeans
viser,0.5,oracle,0.8215780998389692,0.8201298701298702,0.8208533412078177,COP-KMeans
prononcer,0.5,oracle,0.47207303974221265,0.6395129480363574,0.5431821234476638,COP-KMeans
accomplir,0.5,oracle,0.8012820512820514,0.8504273504273504,0.8251235562211314,COP-KMeans
convenir,0.5,oracle,0.2674829931972789,0.5416109300863203,0.35810851316091,COP-KMeans
acquérir,0.5,oracle,0.815,0.9357142857142858,0.871195425460328,COP-KMeans
achever,0.5,oracle,1.0,1.0,0.999999995,COP-KMeans
observer,0.5,oracle,0.535,0.5213725490196078,0.5280983708709018,COP-KMeans
adapter,0.5,oracle,0.3312,0.5694688644688645,0.4188178214181375,COP-KMeans
admettre,0.5,oracle,0.5400981996726678,0.6105623100303953,0.5731727104367843,COP-KMeans
entraîner,0.5,oracle,0.852920227920228,0.9652777777777778,0.9056273685487297,COP-KMeans
payer,0.5,oracle,0.611258581235698,0.6333333333333333,0.6221001874436258,COP-KMeans
respecter,0.5,oracle,1.0,1.0,0.999999995,COP-KMeans
affecter,0.5,oracle,0.9416666666666668,0.9598214285714285,0.9506573748721102,COP-KMeans
demeurer,0.5,oracle,0.6365546218487396,0.5930946291560103,0.6140566084257814,COP-KMeans
aggraver,0.5,oracle,1.0,1.0,0.999999995,COP-KMeans
agir,0.5,oracle,0.3980434782608695,0.6518640350877193,0.4942725375505903,COP-KMeans
ajouter,0.5,oracle,0.5408447204968945,0.5937142857142857,0.5660476578547363,COP-KMeans
alimenter,0.5,oracle,0.5340816326530613,0.5238353405878481,0.528908862178311,COP-KMeans
coûter,0.5,oracle,0.3888339920948617,0.6540372670807453,0.48771488687928627,COP-KMeans
relancer,0.5,oracle,0.49949275362318835,0.512453007518797,0.5058898828920229,COP-KMeans
préférer,0.5,oracle,0.7276190476190476,0.6859607843137254,0.7061760754934491,COP-KMeans
appliquer,0.5,oracle,0.47048611111111116,0.548070987654321,0.506323671741593,COP-KMeans
apporter,0.5,oracle,0.4566666666666667,0.6598051948051947,0.5397557191724252,COP-KMeans
fonder,0.5,oracle,0.8015584415584414,0.6933333333333332,0.7435283165830232,COP-KMeans
appuyer,0.5,oracle,0.8874635568513118,0.9623233908948196,0.9233787012590023,COP-KMeans
changer,0.5,oracle,0.5569208149548414,0.7381642512077293,0.634860278942067,COP-KMeans
chuter,0.5,oracle,1.0,1.0,0.999999995,COP-KMeans
soutenir,0.5,oracle,0.5324361628709454,0.6234388566085621,0.5743551580083638,COP-KMeans
concevoir,0.5,oracle,1.0,1.0,0.999999995,COP-KMeans
interroger,0.5,oracle,1.0,1.0,0.999999995,COP-KMeans
confirmer,0.5,oracle,0.3339160839160839,0.5626148705096073,0.41909574073410366,COP-KMeans
transformer,0.5,oracle,1.0,1.0,0.999999995,COP-KMeans
manifester,0.5,oracle,0.555393586005831,0.7032385603814176,0.6206327780293007,COP-KMeans
interpeller,0.5,oracle,1.0,1.0,0.999999995,COP-KMeans
signer,0.5,oracle,0.7877777777777777,0.7693333333333334,0.7784463105898743,COP-KMeans
rester,0.5,oracle,0.3742316784869976,0.5517472598323663,0.4459740764569822,COP-KMeans
tuer,0.5,oracle,0.6651629072681704,0.6104956268221574,0.6366579017445538,COP-KMeans
indiquer,0.5,oracle,0.9361702127659575,1.0,0.9670329620384013,COP-KMeans
conduire,0.5,oracle,0.23682487725040915,0.5514184397163121,0.331343380481142,COP-KMeans
situer,0.5,oracle,0.9128888888888886,0.8609929078014186,0.8861817692471236,COP-KMeans
aider,0.5,oracle,0.26870748299319724,0.5494897959183673,0.3609203354562304,COP-KMeans
poursuivre,0.5,oracle,0.9607201309328969,1.0,0.9799666060203708,COP-KMeans
profiter,0.5,oracle,0.9657142857142857,1.0,0.9825581345364048,COP-KMeans
détenir,0.5,oracle,0.5391328248471106,0.5422155484267285,0.5406697875004806,COP-KMeans
lire,0.5,oracle,0.5301127214170692,0.5931428571428572,0.5598593541692772,COP-KMeans
contenir,0.5,oracle,0.527389903329753,0.5941690962099125,0.5587914314741013,COP-KMeans
noter,0.5,oracle,1.0,1.0,0.999999995,COP-KMeans
dater,0.5,oracle,1.0,1.0,0.999999995,COP-KMeans
adopter,0.5,oracle,0.5897904761904762,0.5791111111111111,0.5844020040316429,COP-KMeans
intervenir,0.5,oracle,0.5601405397323764,0.5485652907779653,0.5542924855764776,COP-KMeans
conclure,0.5,oracle,0.5814814814814815,0.7197871572871574,0.6432843870737041,COP-KMeans
disputer,0.5,oracle,0.94,0.8336170212765959,0.8836180372444761,COP-KMeans
dominer,0.5,oracle,0.7774884259259259,0.5423986486486486,0.639007194616367,COP-KMeans
enregistrer,0.5,oracle,0.8147222222222222,0.7773544973544974,0.7955998247741183,COP-KMeans
estimer,0.5,oracle,0.7220602526724975,0.5809523809523809,0.6438657752609332,COP-KMeans
appartenir,0.5,oracle,0.6115909090909091,0.6641249092229485,0.6367762286345985,COP-KMeans
arriver,0.5,oracle,0.6250944822373394,0.7349597310188444,0.675589641457966,COP-KMeans
chercher,0.5,oracle,0.462157809983897,0.5382564102564102,0.4973128055448444,COP-KMeans
composer,0.5,oracle,0.9795918367346939,1.0,0.989690716650016,COP-KMeans
confier,0.5,oracle,1.0,1.0,0.999999995,COP-KMeans
aboutir,0.15,estimated,0.6897812888596301,0.5586005830903791,0.6172986579394336,COP-KMeans
investir,0.15,estimated,0.606373075546008,0.6358907199243334,0.6207812058175416,COP-KMeans
traduire,0.15,estimated,0.7337220602526726,0.9365079365079366,0.8228046793989474,COP-KMeans
témoigner,0.15,estimated,1.0,0.9499999999999998,0.9743589693622617,COP-KMeans
juger,0.15,estimated,0.8846153846153846,0.8306938159879336,0.8568070701017501,COP-KMeans
justifier,0.15,estimated,0.9375,1.0,0.967741930489074,COP-KMeans
viser,0.15,estimated,0.5216747181964574,0.5177922077922078,0.5197262072167863,COP-KMeans
prononcer,0.15,estimated,0.24630541871921183,0.5177442405533642,0.3338086961816682,COP-KMeans
accomplir,0.15,estimated,0.7170524691358025,0.5528846153846154,0.624357348595211,COP-KMeans
convenir,0.15,estimated,0.6381868131868133,0.6570113759789631,0.6474622903792822,COP-KMeans
acquérir,0.15,estimated,0.8466666666666666,0.7969264069264068,0.8210438839958962,COP-KMeans
achever,0.15,estimated,0.8508377896613188,0.8901792114695339,0.8700640003479769,COP-KMeans
observer,0.15,estimated,0.7150909090909091,0.6256862745098037,0.6674077825613184,COP-KMeans
adapter,0.15,estimated,0.3904761904761904,0.6419230769230769,0.4855789482672017,COP-KMeans
admettre,0.15,estimated,0.4777983348751155,0.5148176291793313,0.4956176656748963,COP-KMeans
entraîner,0.15,estimated,0.6549479166666666,0.5840643274853802,0.6174785006426977,COP-KMeans
payer,0.15,estimated,0.42560000000000003,0.6233333333333333,0.5058294091855593,COP-KMeans
respecter,0.15,estimated,0.9244649079143852,0.9244649079143852,0.9244649029143852,COP-KMeans
affecter,0.15,estimated,0.5824074074074075,0.8058261183261184,0.6761385434295921,COP-KMeans
demeurer,0.15,estimated,0.5903518828820884,0.5837169650468883,0.5870156712844088,COP-KMeans
aggraver,0.15,estimated,1.0,0.9644444444444445,0.9819004474903258,COP-KMeans
agir,0.15,estimated,0.3331128747795415,0.5554550438596491,0.4164661372693239,COP-KMeans
ajouter,0.15,estimated,0.3997333333333333,0.5181904761904762,0.4513185123721119,COP-KMeans
alimenter,0.15,estimated,0.523191094619666,0.5190334198195408,0.5211039592561688,COP-KMeans
coûter,0.15,estimated,0.34622623753058546,0.5012422360248447,0.4095567371242514,COP-KMeans
relancer,0.15,estimated,0.5555555555555555,0.5827067669172933,0.5688073344523862,COP-KMeans
préférer,0.15,estimated,0.6275132275132275,0.5431372549019609,0.5822844888623258,COP-KMeans
appliquer,0.15,estimated,0.4407246376811594,0.5055555555555555,0.4709192653250142,COP-KMeans
apporter,0.15,estimated,0.32799999999999996,0.5475324675324675,0.4102432610079608,COP-KMeans
fonder,0.15,estimated,0.98,0.9333333333333332,0.9560975559785841,COP-KMeans
appuyer,0.15,estimated,0.7342403628117913,0.726105826946163,0.7301504340615552,COP-KMeans
changer,0.15,estimated,0.4767171552068578,0.5258454106280193,0.5000775697704848,COP-KMeans
chuter,0.15,estimated,1.0,1.0,0.999999995,COP-KMeans
soutenir,0.15,estimated,0.5430434782608696,0.5506578507981031,0.5468241538157852,COP-KMeans
concevoir,0.15,estimated,1.0,1.0,0.999999995,COP-KMeans
interroger,0.15,estimated,0.7436829836829838,0.8592929292929292,0.7973189370528798,COP-KMeans
confirmer,0.15,estimated,0.3065942028985507,0.5205096073517126,0.38588923000923625,COP-KMeans
transformer,0.15,estimated,1.0,0.7734375,0.8722466911168468,COP-KMeans
manifester,0.15,estimated,0.4267285509521535,0.5267166695738125,0.47147971162556673,COP-KMeans
interpeller,0.15,estimated,1.0,1.0,0.999999995,COP-KMeans
signer,0.15,estimated,0.7575438596491229,0.8293333333333334,0.7918147328454018,COP-KMeans
rester,0.15,estimated,0.6757072714519524,0.6024242424242423,0.6369648717692126,COP-KMeans
tuer,0.15,estimated,1.0,0.9300291545189504,0.9637462185715264,COP-KMeans
indiquer,0.15,estimated,0.948936170212766,0.9361702127659575,0.9425099609000421,COP-KMeans
conduire,0.15,estimated,0.44164393526095647,0.6089159067882471,0.5119632485334306,COP-KMeans
situer,0.15,estimated,1.0,0.9733333333333333,0.9864864814873996,COP-KMeans
aider,0.15,estimated,0.270651117589893,0.5452623906705539,0.36174391553006413,COP-KMeans
poursuivre,0.15,estimated,0.9787234042553191,0.9200763775231859,0.9484941891013627,COP-KMeans
profiter,0.15,estimated,0.8337529137529137,0.7899224806201549,0.8112461001529817,COP-KMeans
détenir,0.15,estimated,0.560985598252679,0.560985598252679,0.560985593252679,COP-KMeans
lire,0.15,estimated,0.6016399286987523,0.7264761904761905,0.6581910630224166,COP-KMeans
contenir,0.15,estimated,0.5174800354924579,0.5615160349854227,0.5385994313995055,COP-KMeans
noter,0.15,estimated,1.0,0.8055555555555556,0.8923076873656806,COP-KMeans
dater,0.15,estimated,1.0,1.0,0.999999995,COP-KMeans
adopter,0.15,estimated,0.7646739130434783,0.5853333333333333,0.6630914438727318,COP-KMeans
intervenir,0.15,estimated,1.0,1.0,0.999999995,COP-KMeans
conclure,0.15,estimated,0.45777988614800763,0.613997113997114,0.524503747104532,COP-KMeans
disputer,0.15,estimated,0.9233333333333333,0.6038297872340427,0.7301592856103443,COP-KMeans
dominer,0.15,estimated,0.654794313369631,0.6154279279279279,0.6345010994484014,COP-KMeans
enregistrer,0.15,estimated,0.6888888888888888,0.6977777777777778,0.6933048383050487,COP-KMeans
estimer,0.15,estimated,0.7707883153261303,0.7002616431187859,0.7338343411374719,COP-KMeans
appartenir,0.15,estimated,0.6311728395061728,0.6415214233841685,0.6363050530303055,COP-KMeans
arriver,0.15,estimated,0.7440940012368584,0.6451638126514974,0.6911064520269473,COP-KMeans
chercher,0.15,estimated,0.8426923076923077,0.6668717948717949,0.7445430466691233,COP-KMeans
composer,0.15,estimated,0.9795918367346939,1.0,0.989690716650016,COP-KMeans
confier,0.15,estimated,1.0,1.0,0.999999995,COP-KMeans
aboutir,0.2,estimated,0.691514500537057,0.5473760932944607,0.6110604190390985,COP-KMeans
investir,0.2,estimated,0.6750805585392052,0.6358907199243334,0.654899868752321,COP-KMeans
traduire,0.2,estimated,0.7142857142857143,0.9300291545189505,0.8080040477709786,COP-KMeans
témoigner,0.2,estimated,0.8475757575757575,0.48759689922480626,0.6190589749599583,COP-KMeans
juger,0.2,estimated,0.9705882352941176,0.9019607843137254,0.9350169337193736,COP-KMeans
justifier,0.2,estimated,0.9375,1.0,0.967741930489074,COP-KMeans
viser,0.2,estimated,0.561867954911433,0.5583116883116883,0.5600841715205739,COP-KMeans
prononcer,0.2,estimated,0.2959524947102587,0.6222831989938832,0.40113069970073606,COP-KMeans
accomplir,0.2,estimated,0.675705467372134,0.5165598290598291,0.5855111254811299,COP-KMeans
convenir,0.2,estimated,0.5989595838335334,0.6380609386611789,0.6178922729927558,COP-KMeans
acquérir,0.2,estimated,0.805,0.8214285714285714,0.8131313081318234,COP-KMeans
achever,0.2,estimated,0.6865024630541872,0.7064516129032259,0.6963341824053418,COP-KMeans
observer,0.2,estimated,0.73375,0.8172549019607842,0.7732545263904198,COP-KMeans
adapter,0.2,estimated,0.3384564860426929,0.607912087912088,0.43482379399744114,COP-KMeans
admettre,0.2,estimated,0.4947922998986828,0.4973404255319149,0.4960630854997924,COP-KMeans
entraîner,0.2,estimated,0.7723177723177722,0.8501461988304092,0.8093652938421159,COP-KMeans
payer,0.2,estimated,0.5216883116883118,0.7737037037037038,0.6231815095666203,COP-KMeans
respecter,0.2,estimated,1.0,1.0,0.999999995,COP-KMeans
affecter,0.2,estimated,0.40564373897707223,0.5804473304473304,0.4775518820013138,COP-KMeans
demeurer,0.2,estimated,0.5822981366459627,0.5450127877237853,0.5630388583380681,COP-KMeans
aggraver,0.2,estimated,1.0,0.9644444444444445,0.9819004474903258,COP-KMeans
agir,0.2,estimated,0.4439102564102564,0.7288377192982457,0.5517614061979201,COP-KMeans
ajouter,0.2,estimated,0.38325281803542666,0.5547619047619047,0.45332776960687376,COP-KMeans
alimenter,0.2,estimated,0.5266022198353025,0.537466599543043,0.5319789408210588,COP-KMeans
coûter,0.2,estimated,0.7072463768115942,0.7252587991718427,0.7161393382501082,COP-KMeans
relancer,0.2,estimated,0.5041666666666668,0.543233082706767,0.5229713107728161,COP-KMeans
préférer,0.2,estimated,0.7047058823529412,0.6850196078431371,0.6947233063019331,COP-KMeans
appliquer,0.2,estimated,0.4548611111111111,0.5309992283950618,0.4899900866241464,COP-KMeans
apporter,0.2,estimated,0.31671497584541064,0.5428571428571428,0.400038533466698,COP-KMeans
fonder,0.2,estimated,0.8929100529100529,0.8313333333333333,0.8610221645851406,COP-KMeans
appuyer,0.2,estimated,0.6985589934898689,0.7292455443715947,0.7135725043686031,COP-KMeans
changer,0.2,estimated,0.4221256038647344,0.6057367149758455,0.4975315651088086,COP-KMeans
chuter,0.2,estimated,1.0,1.0,0.999999995,COP-KMeans
soutenir,0.2,estimated,0.5249597423510466,0.5418920723969812,0.5332915332919476,COP-KMeans
concevoir,0.2,estimated,1.0,0.9733333333333334,0.9864864814873996,COP-KMeans
interroger,0.2,estimated,0.9057142857142857,1.0,0.9505247326434234,COP-KMeans
confirmer,0.2,estimated,0.34375,0.5948203842940685,0.4357041482325354,COP-KMeans
transformer,0.2,estimated,1.0,1.0,0.999999995,COP-KMeans
manifester,0.2,estimated,0.5757213230119633,0.7334728763300191,0.6450929460898701,COP-KMeans
interpeller,0.2,estimated,1.0,1.0,0.999999995,COP-KMeans
signer,0.2,estimated,0.6837789661319073,0.6253333333333333,0.6532514850909197,COP-KMeans
rester,0.2,estimated,0.5080755706537935,0.48435847840103147,0.4959336251498245,COP-KMeans
tuer,0.2,estimated,0.7106144044919556,0.6064139941690962,0.6543921399237836,COP-KMeans
indiquer,0.2,estimated,0.948936170212766,0.9361702127659575,0.9425099609000421,COP-KMeans
conduire,0.2,estimated,0.25320070000921063,0.4669875042215467,0.32836294909586994,COP-KMeans
situer,0.2,estimated,1.0,1.0,0.999999995,COP-KMeans
aider,0.2,estimated,0.3075510204081633,0.6088921282798834,0.4086786912983454,COP-KMeans
poursuivre,0.2,estimated,1.0,1.0,0.999999995,COP-KMeans
profiter,0.2,estimated,0.7767983367983368,0.6620155038759689,0.7148284569328536,COP-KMeans
détenir,0.2,estimated,0.5136054421768707,0.5217391304347827,0.5176403320950094,COP-KMeans
lire,0.2,estimated,0.5513333333333335,0.5876190476190477,0.5688981748974853,COP-KMeans
contenir,0.2,estimated,0.5300680272108843,0.5800777453838678,0.5539464653117676,COP-KMeans
noter,0.2,estimated,1.0,1.0,0.999999995,COP-KMeans
dater,0.2,estimated,1.0,1.0,0.999999995,COP-KMeans
adopter,0.2,estimated,0.6875,0.644361111111111,0.6652319177532799,COP-KMeans
intervenir,0.2,estimated,1.0,1.0,0.999999995,COP-KMeans
conclure,0.2,estimated,0.49206349206349204,0.6111562049062048,0.5451818064571223,COP-KMeans
disputer,0.2,estimated,0.98,0.98,0.979999995,COP-KMeans
dominer,0.2,estimated,0.7893518518518517,0.9003378378378377,0.8411998247016669,COP-KMeans
enregistrer,0.2,estimated,0.681517094017094,0.7034920634920636,0.6923302430372256,COP-KMeans
estimer,0.2,estimated,0.8472876330019187,0.8167451596023024,0.8317360955411417,COP-KMeans
appartenir,0.2,estimated,0.5752840909090909,0.6151960784313725,0.5945710358778096,COP-KMeans
arriver,0.2,estimated,0.7208222419402545,0.6086324184846352,0.659993596125247,COP-KMeans
chercher,0.2,estimated,0.98,0.9630769230769232,0.9714647614295164,COP-KMeans
composer,0.2,estimated,0.9795918367346939,1.0,0.989690716650016,COP-KMeans
confier,0.2,estimated,1.0,1.0,0.999999995,COP-KMeans
aboutir,0.25,estimated,0.6901669758812615,0.5228862973760933,0.5949925853557847,COP-KMeans
investir,0.25,estimated,0.718562424969988,0.8259303721488596,0.7685144642075127,COP-KMeans
traduire,0.25,estimated,0.718789584799437,0.9183673469387756,0.8064136884746357,COP-KMeans
témoigner,0.25,estimated,1.0,0.9666666666666668,0.9830508424590636,COP-KMeans
juger,0.25,estimated,0.843627450980392,0.7311463046757164,0.7833697852469876,COP-KMeans
justifier,0.25,estimated,0.798611111111111,0.6989087301587302,0.7454409062878511,COP-KMeans
viser,0.25,estimated,0.5703846153846154,0.5648051948051949,0.5675811887607086,COP-KMeans
prononcer,0.25,estimated,0.2596491228070176,0.5545589664437203,0.3536952022815383,COP-KMeans
accomplir,0.25,estimated,0.6840277777777777,0.5731837606837606,0.6237193964032649,COP-KMeans
convenir,0.25,estimated,0.3105590062111801,0.5292174012462127,0.39142139927744724,COP-KMeans
acquérir,0.25,estimated,0.8639999999999999,0.7942857142857143,0.8276774588268934,COP-KMeans
achever,0.25,estimated,0.5461538461538461,0.5458064516129032,0.5459800886235974,COP-KMeans
observer,0.25,estimated,0.5402693602693602,0.5539215686274509,0.5470102902213415,COP-KMeans
adapter,0.25,estimated,0.6451923076923076,0.7958974358974359,0.712664706794168,COP-KMeans
admettre,0.25,estimated,0.6052266419981499,0.6728723404255319,0.6372593508065032,COP-KMeans
entraîner,0.25,estimated,0.7569444444444443,0.8161549707602339,0.785435378113238,COP-KMeans
payer,0.25,estimated,0.3806410256410257,0.5565608465608466,0.45209019633813735,COP-KMeans
respecter,0.25,estimated,1.0,1.0,0.999999995,COP-KMeans
affecter,0.25,estimated,0.4123188405797101,0.6006493506493507,0.4889769364017644,COP-KMeans
demeurer,0.25,estimated,0.6489130434782608,0.6930946291560102,0.6702765580912593,COP-KMeans
aggraver,0.25,estimated,1.0,1.0,0.999999995,COP-KMeans
agir,0.25,estimated,0.37152777777777773,0.6142269736842105,0.4630003150999013,COP-KMeans
ajouter,0.25,estimated,0.46571428571428575,0.6061904761904762,0.5267474723975453,COP-KMeans
alimenter,0.25,estimated,0.5291545189504373,0.5255392479572474,0.5273406822551729,COP-KMeans
coûter,0.25,estimated,0.4050207039337473,0.6366459627329192,0.49508120353393764,COP-KMeans
relancer,0.25,estimated,0.6410314579552329,0.675360275689223,0.6577482489696319,COP-KMeans
préférer,0.25,estimated,0.6533333333333333,0.6003137254901961,0.6257023640446455,COP-KMeans
appliquer,0.25,estimated,0.47465034965034963,0.5610918209876544,0.5142639432791861,COP-KMeans
apporter,0.25,estimated,0.30784893267651886,0.5187012987012988,0.38638096800247196,COP-KMeans
fonder,0.25,estimated,0.8815999999999999,0.778,0.8265663965620246,COP-KMeans
appuyer,0.25,estimated,0.6055565083176127,0.6224028072767569,0.6138640961241316,COP-KMeans
changer,0.25,estimated,0.392608695652174,0.6367149758454107,0.4857166713684684,COP-KMeans
chuter,0.25,estimated,1.0,1.0,0.999999995,COP-KMeans
soutenir,0.25,estimated,0.5247139588100687,0.4229780271154745,0.4683852476366603,COP-KMeans
concevoir,0.25,estimated,1.0,0.9733333333333334,0.9864864814873996,COP-KMeans
interroger,0.25,estimated,0.768270944741533,0.8214141414141413,0.79395424914583,COP-KMeans
confirmer,0.25,estimated,0.3132716049382716,0.5424394319131162,0.39716881543715365,COP-KMeans
transformer,0.25,estimated,1.0,1.0,0.999999995,COP-KMeans
manifester,0.25,estimated,0.6428571428571429,0.8190592476306762,0.7203395318458429,COP-KMeans
interpeller,0.25,estimated,1.0,1.0,0.999999995,COP-KMeans
signer,0.25,estimated,0.7234285714285714,0.7369999999999999,0.7301512226244169,COP-KMeans
rester,0.25,estimated,0.5663627152988856,0.498749194068343,0.5304098896451966,COP-KMeans
tuer,0.25,estimated,0.6071428571428571,0.5189504373177842,0.5595931526820781,COP-KMeans
indiquer,0.25,estimated,0.9361702127659575,1.0,0.9670329620384013,COP-KMeans
conduire,0.25,estimated,0.30108805779481074,0.5675447483958121,0.3934480549688086,COP-KMeans
situer,0.25,estimated,1.0,1.0,0.999999995,COP-KMeans
aider,0.25,estimated,0.2623029144768275,0.5207725947521866,0.3488812152310663,COP-KMeans
poursuivre,0.25,estimated,1.0,1.0,0.999999995,COP-KMeans
profiter,0.25,estimated,0.9657142857142857,1.0,0.9825581345364048,COP-KMeans
détenir,0.25,estimated,0.6754130223517979,0.6808408982322025,0.6781160938169075,COP-KMeans
lire,0.25,estimated,0.6034920634920635,0.7316190476190476,0.661407551410805,COP-KMeans
contenir,0.25,estimated,0.5222192773213181,0.5488824101068999,0.5352189735645866,COP-KMeans
noter,0.25,estimated,1.0,1.0,0.999999995,COP-KMeans
dater,0.25,estimated,1.0,1.0,0.999999995,COP-KMeans
adopter,0.25,estimated,0.5725757575757575,0.5431111111111112,0.5574543571907223,COP-KMeans
intervenir,0.25,estimated,1.0,1.0,0.999999995,COP-KMeans
conclure,0.25,estimated,0.41384057971014493,0.5271915584415584,0.46368928116274655,COP-KMeans
disputer,0.25,estimated,0.8874012474012473,0.6425531914893616,0.7453849414442029,COP-KMeans
dominer,0.25,estimated,0.642235926628716,0.6001126126126126,0.6204601439398043,COP-KMeans
enregistrer,0.25,estimated,0.8146031746031747,0.9346031746031744,0.8704870171766154,COP-KMeans
estimer,0.25,estimated,1.0,1.0,0.999999995,COP-KMeans
appartenir,0.25,estimated,0.5524607487922705,0.6183732752360204,0.5835617222274321,COP-KMeans
arriver,0.25,estimated,0.9336734693877551,0.9183673469387755,0.9259571547237351,COP-KMeans
chercher,0.25,estimated,0.6656140350877193,0.6090256410256409,0.6360636951937955,COP-KMeans
composer,0.25,estimated,0.9795918367346939,1.0,0.989690716650016,COP-KMeans
confier,0.25,estimated,1.0,1.0,0.999999995,COP-KMeans
aboutir,0.3,estimated,0.7289915966386554,0.6355685131195336,0.6790819963789793,COP-KMeans
investir,0.3,estimated,0.559874743548213,0.5007821310342319,0.5286823123704046,COP-KMeans
traduire,0.3,estimated,0.6467587034813925,0.8393262066731454,0.730565961424908,COP-KMeans
témoigner,0.3,estimated,1.0,1.0,0.999999995,COP-KMeans
juger,0.3,estimated,0.704912734324499,0.7458521870286576,0.724804815994403,COP-KMeans
justifier,0.3,estimated,0.9375,1.0,0.967741930489074,COP-KMeans
viser,0.3,estimated,0.52,0.512987012987013,0.5164696957797125,COP-KMeans
prononcer,0.3,estimated,0.2535559678416821,0.5246041273652318,0.3418743941196089,COP-KMeans
accomplir,0.3,estimated,0.7411458333333334,0.5980235042735043,0.6619366388870348,COP-KMeans
convenir,0.3,estimated,0.4304267161410018,0.5640027439547248,0.48824347281577946,COP-KMeans
acquérir,0.3,estimated,0.797142857142857,0.8928571428571429,0.8422895735693529,COP-KMeans
achever,0.3,estimated,0.5989743589743589,0.6045878136200716,0.6017679906262409,COP-KMeans
observer,0.3,estimated,0.6514770797962649,0.7894117647058824,0.7138422503866179,COP-KMeans
adapter,0.3,estimated,0.29262479871175523,0.527912087912088,0.3765343620704851,COP-KMeans
admettre,0.3,estimated,0.5109477756286268,0.5592705167173251,0.5340182014547863,COP-KMeans
entraîner,0.3,estimated,0.7861111111111111,0.8190789473684209,0.8022564729838022,COP-KMeans
payer,0.3,estimated,0.3991626409017714,0.6037037037037036,0.48057443264681093,COP-KMeans
respecter,0.3,estimated,1.0,1.0,0.999999995,COP-KMeans
affecter,0.3,estimated,0.42384057971014494,0.5698953823953824,0.4861347400694545,COP-KMeans
demeurer,0.3,estimated,0.6113413881294647,0.6021312872975277,0.6067013809760764,COP-KMeans
aggraver,0.3,estimated,1.0,1.0,0.999999995,COP-KMeans
agir,0.3,estimated,0.3440579710144927,0.5719024122807018,0.42964212214398256,COP-KMeans
ajouter,0.3,estimated,0.4506354515050166,0.6290476190476191,0.5251006761772813,COP-KMeans
alimenter,0.3,estimated,0.5245578231292517,0.5137667970413973,0.5191062309825608,COP-KMeans
coûter,0.3,estimated,0.3071906354515051,0.5457556935817804,0.3931104001282819,COP-KMeans
relancer,0.3,estimated,0.5537918871252204,0.5776942355889724,0.5654905909288582,COP-KMeans
préférer,0.3,estimated,0.6261904761904762,0.5690196078431373,0.596237700761907,COP-KMeans
appliquer,0.3,estimated,0.44274475524475526,0.5191358024691358,0.477906845231858,COP-KMeans
apporter,0.3,estimated,0.4252564102564103,0.7070779220779221,0.5310965280705715,COP-KMeans
fonder,0.3,estimated,0.8661052631578947,0.682,0.7631054550557547,COP-KMeans
appuyer,0.3,estimated,0.6118152524167562,0.6168621294671714,0.6143283207443415,COP-KMeans
changer,0.3,estimated,0.30381975004400635,0.5089975845410628,0.38051234988646027,COP-KMeans
chuter,0.3,estimated,1.0,1.0,0.999999995,COP-KMeans
soutenir,0.3,estimated,0.5774661056568491,0.7079409603953783,0.6360816227806082,COP-KMeans
concevoir,0.3,estimated,1.0,1.0,0.999999995,COP-KMeans
interroger,0.3,estimated,0.8687733887733887,0.9636363636363636,0.9137493658412671,COP-KMeans
confirmer,0.3,estimated,0.44097222222222227,0.7182957393483709,0.5464628992795684,COP-KMeans
transformer,0.3,estimated,1.0,1.0,0.999999995,COP-KMeans
manifester,0.3,estimated,0.6182969739619986,0.7939415082272225,0.6951965050587843,COP-KMeans
interpeller,0.3,estimated,1.0,1.0,0.999999995,COP-KMeans
signer,0.3,estimated,0.69,0.6053333333333333,0.6448996347537341,COP-KMeans
rester,0.3,estimated,0.7605415860735011,0.6924822695035461,0.7249179811191176,COP-KMeans
tuer,0.3,estimated,0.6704761904761904,0.5965014577259475,0.6313292462585475,COP-KMeans
indiquer,0.3,estimated,0.9392097264437691,0.9645390070921986,0.9517058593696645,COP-KMeans
conduire,0.3,estimated,0.37477203647416407,0.6686085781830463,0.48031522251446673,COP-KMeans
situer,0.3,estimated,1.0,0.9733333333333333,0.9864864814873996,COP-KMeans
aider,0.3,estimated,0.2916326530612245,0.5667638483965015,0.38510604961889183,COP-KMeans
poursuivre,0.3,estimated,1.0,1.0,0.999999995,COP-KMeans
profiter,0.3,estimated,0.8064912280701755,0.732248062015504,0.7675785479112763,COP-KMeans
détenir,0.3,estimated,0.5022332165189308,0.5055627602211453,0.5038924833177405,COP-KMeans
lire,0.3,estimated,0.5464935064935065,0.593904761904762,0.569213584419626,COP-KMeans
contenir,0.3,estimated,0.5033130135170951,0.5290573372206026,0.5158641759718007,COP-KMeans
noter,0.3,estimated,1.0,1.0,0.999999995,COP-KMeans
dater,0.3,estimated,1.0,1.0,0.999999995,COP-KMeans
adopter,0.3,estimated,0.767,0.6010277777777777,0.6739458213847896,COP-KMeans
intervenir,0.3,estimated,1.0,1.0,0.999999995,COP-KMeans
conclure,0.3,estimated,0.4149305555555555,0.5252976190476191,0.4636364586229257,COP-KMeans
disputer,0.3,estimated,0.98,0.98,0.979999995,COP-KMeans
dominer,0.3,estimated,0.6220238095238094,0.5561373873873873,0.5872383071044293,COP-KMeans
enregistrer,0.3,estimated,0.8343434343434342,0.9568253968253967,0.8913966894749852,COP-KMeans
estimer,0.3,estimated,0.7045038705137227,0.5605442176870747,0.6243328953520132,COP-KMeans
appartenir,0.3,estimated,0.6671401515151515,0.703068264342774,0.6846331690092341,COP-KMeans
arriver,0.3,estimated,0.725180297682983,0.5787004456955196,0.6437124873441987,COP-KMeans
chercher,0.3,estimated,0.7521052631578946,0.556,0.6393530167587884,COP-KMeans
composer,0.3,estimated,1.0,1.0,0.999999995,COP-KMeans
confier,0.3,estimated,1.0,1.0,0.999999995,COP-KMeans
aboutir,0.4,estimated,0.697278911564626,0.5498542274052478,0.6148529650118396,COP-KMeans
investir,0.4,estimated,0.7068385248836379,0.7711084433773508,0.7375760601148107,COP-KMeans
traduire,0.4,estimated,0.7337220602526724,0.9365079365079364,0.8228046793989472,COP-KMeans
témoigner,0.4,estimated,1.0,1.0,0.999999995,COP-KMeans
juger,0.4,estimated,0.9558823529411765,0.9166666666666666,0.9358638693477427,COP-KMeans
justifier,0.4,estimated,0.9375,1.0,0.967741930489074,COP-KMeans
viser,0.4,estimated,0.5511688311688312,0.5511688311688311,0.5511688261688311,COP-KMeans
prononcer,0.4,estimated,0.26141560303050987,0.5390098896701537,0.3520767263714398,COP-KMeans
accomplir,0.4,estimated,0.6768840579710145,0.5349893162393162,0.5976296601037602,COP-KMeans
convenir,0.4,estimated,0.4280148423005566,0.5741668095809753,0.4904338720300098,COP-KMeans
acquérir,0.4,estimated,0.7898181818181818,0.8557142857142859,0.821446808892128,COP-KMeans
achever,0.4,estimated,0.5632051282051281,0.5613620071684587,0.5622820522855828,COP-KMeans
observer,0.4,estimated,0.5979545454545455,0.6856862745098039,0.6388223481646618,COP-KMeans
adapter,0.4,estimated,0.35675324675324677,0.6529120879120879,0.4613974490414654,COP-KMeans
admettre,0.4,estimated,0.6944899072558647,0.7796352583586624,0.7346035835053053,COP-KMeans
entraîner,0.4,estimated,0.8005952380952381,0.8508771929824562,0.8249707496917893,COP-KMeans
payer,0.4,estimated,0.4485668276972624,0.6821164021164021,0.5412210596984689,COP-KMeans
respecter,0.4,estimated,1.0,1.0,0.999999995,COP-KMeans
affecter,0.4,estimated,0.4122960372960372,0.5688131313131314,0.47806993373522777,COP-KMeans
demeurer,0.4,estimated,0.5988294314381272,0.5782608695652174,0.5883654372271394,COP-KMeans
aggraver,0.4,estimated,1.0,1.0,0.999999995,COP-KMeans
agir,0.4,estimated,0.3958333333333333,0.6553728070175439,0.49356332759504445,COP-KMeans
ajouter,0.4,estimated,0.4948666666666666,0.7033333333333331,0.5809651465822008,COP-KMeans
alimenter,0.4,estimated,0.5547996976568405,0.5518723618479651,0.5533321531019049,COP-KMeans
coûter,0.4,estimated,0.5079910637566593,0.7763975155279504,0.6141490248379566,COP-KMeans
relancer,0.4,estimated,0.8122023809523808,0.8480576441102757,0.8297428392959402,COP-KMeans
préférer,0.4,estimated,1.0,1.0,0.999999995,COP-KMeans
appliquer,0.4,estimated,0.4828260869565217,0.5610918209876544,0.5190250376855116,COP-KMeans
apporter,0.4,estimated,0.31025641025641026,0.5246753246753246,0.38993338981785197,COP-KMeans
fonder,0.4,estimated,0.8695970695970695,0.7033333333333333,0.7776778941887845,COP-KMeans
appuyer,0.4,estimated,0.6030260380014074,0.598854926586019,0.6009332394012732,COP-KMeans
changer,0.4,estimated,0.5902173913043478,0.6974033816425119,0.6393491159063739,COP-KMeans
chuter,0.4,estimated,1.0,1.0,0.999999995,COP-KMeans
soutenir,0.4,estimated,0.4942443064182193,0.5248113270553665,0.5090693761466387,COP-KMeans
concevoir,0.4,estimated,1.0,0.9733333333333334,0.9864864814873996,COP-KMeans
interroger,0.4,estimated,0.9057142857142857,1.0,0.9505247326434234,COP-KMeans
confirmer,0.4,estimated,0.3018077601410934,0.5216791979949874,0.3823905813966715,COP-KMeans
transformer,0.4,estimated,1.0,1.0,0.999999995,COP-KMeans
manifester,0.4,estimated,0.6265374836803408,0.7899877899877898,0.6988325133109363,COP-KMeans
interpeller,0.4,estimated,1.0,1.0,0.999999995,COP-KMeans
signer,0.4,estimated,0.657051282051282,0.5253333333333333,0.5838555961579088,COP-KMeans
rester,0.4,estimated,0.5311780418163398,0.6132559638942617,0.5692737153243083,COP-KMeans
tuer,0.4,estimated,1.0,1.0,0.999999995,COP-KMeans
indiquer,0.4,estimated,0.9361702127659575,1.0,0.9670329620384013,COP-KMeans
conduire,0.4,estimated,0.22472137791286714,0.5222053360351232,0.3142227983141115,COP-KMeans
situer,0.4,estimated,1.0,1.0,0.999999995,COP-KMeans
aider,0.4,estimated,0.31306259877688447,0.6187317784256559,0.415760775467464,COP-KMeans
poursuivre,0.4,estimated,1.0,1.0,0.999999995,COP-KMeans
profiter,0.4,estimated,0.9657142857142857,1.0,0.9825581345364048,COP-KMeans
détenir,0.4,estimated,0.63022351797862,0.6364070711896798,0.6333001958660844,COP-KMeans
lire,0.4,estimated,0.5784040747028862,0.6531428571428571,0.6135056279191871,COP-KMeans
contenir,0.4,estimated,0.5139146567717997,0.5488824101068999,0.5308232804452099,COP-KMeans
noter,0.4,estimated,1.0,1.0,0.999999995,COP-KMeans
dater,0.4,estimated,1.0,1.0,0.999999995,COP-KMeans
adopter,0.4,estimated,0.592210953346856,0.6129999999999999,0.6024261734120073,COP-KMeans
intervenir,0.4,estimated,1.0,1.0,0.999999995,COP-KMeans
conclure,0.4,estimated,0.41384057971014493,0.5271915584415584,0.46368928116274655,COP-KMeans
disputer,0.4,estimated,0.923843137254902,0.5868085106382979,0.717728686958868,COP-KMeans
dominer,0.4,estimated,0.6159611992945325,0.5195382882882883,0.5636557793547442,COP-KMeans
enregistrer,0.4,estimated,0.737941628264209,0.7798941798941801,0.7583381207635133,COP-KMeans
estimer,0.4,estimated,1.0,1.0,0.999999995,COP-KMeans
appartenir,0.4,estimated,0.5320803140096618,0.5751633986928104,0.5527836654361763,COP-KMeans
arriver,0.4,estimated,0.8131286702715274,0.8539369770896864,0.8330333428807153,COP-KMeans
chercher,0.4,estimated,0.6372173913043478,0.5721025641025641,0.6029069458607661,COP-KMeans
composer,0.4,estimated,1.0,1.0,0.999999995,COP-KMeans
confier,0.4,estimated,1.0,1.0,0.999999995,COP-KMeans
aboutir,0.5,estimated,0.7203927025355596,0.6355685131195336,0.6753274505935624,COP-KMeans
investir,0.5,estimated,0.5427599611273081,0.5599694423223835,0.5512304089116293,COP-KMeans
traduire,0.5,estimated,0.7763975155279502,1.0,0.8741258692050955,COP-KMeans
témoigner,0.5,estimated,0.8302620802620803,0.6786821705426357,0.7468586950335834,COP-KMeans
juger,0.5,estimated,1.0,1.0,0.999999995,COP-KMeans
justifier,0.5,estimated,0.9375,1.0,0.967741930489074,COP-KMeans
viser,0.5,estimated,0.8215780998389692,0.8201298701298702,0.8208533412078177,COP-KMeans
prononcer,0.5,estimated,0.26414965986394556,0.5654604699022466,0.3600876692111813,COP-KMeans
accomplir,0.5,estimated,0.8012820512820514,0.8504273504273504,0.8251235562211314,COP-KMeans
convenir,0.5,estimated,0.2674829931972789,0.5416109300863203,0.35810851316091,COP-KMeans
acquérir,0.5,estimated,0.8342857142857143,0.9157142857142858,0.8731055343694262,COP-KMeans
achever,0.5,estimated,0.8530882352941177,0.9000000000000001,0.875916444965832,COP-KMeans
observer,0.5,estimated,0.535,0.5213725490196078,0.5280983708709018,COP-KMeans
adapter,0.5,estimated,0.3312,0.5694688644688645,0.4188178214181375,COP-KMeans
admettre,0.5,estimated,0.5400981996726678,0.6105623100303953,0.5731727104367843,COP-KMeans
entraîner,0.5,estimated,0.852920227920228,0.9652777777777778,0.9056273685487297,COP-KMeans
payer,0.5,estimated,0.3842307692307692,0.5380952380952382,0.4483289929349743,COP-KMeans
respecter,0.5,estimated,1.0,1.0,0.999999995,COP-KMeans
affecter,0.5,estimated,0.40451388888888884,0.5475739538239538,0.46529586294889735,COP-KMeans
demeurer,0.5,estimated,0.5919145690312737,0.5624040920716112,0.5767821037875623,COP-KMeans
aggraver,0.5,estimated,1.0,1.0,0.999999995,COP-KMeans
agir,0.5,estimated,0.3980434782608695,0.6518640350877193,0.4942725375505903,COP-KMeans
ajouter,0.5,estimated,0.4783333333333333,0.6047619047619047,0.5341686768296877,COP-KMeans
alimenter,0.5,estimated,0.5340816326530613,0.5238353405878481,0.528908862178311,COP-KMeans
coûter,0.5,estimated,0.3888339920948617,0.6540372670807453,0.48771488687928627,COP-KMeans
relancer,0.5,estimated,0.49949275362318835,0.512453007518797,0.5058898828920229,COP-KMeans
préférer,0.5,estimated,0.7276190476190476,0.6859607843137254,0.7061760754934491,COP-KMeans
appliquer,0.5,estimated,0.47048611111111116,0.548070987654321,0.506323671741593,COP-KMeans
apporter,0.5,estimated,0.3422077922077922,0.6025324675324676,0.4365036868905519,COP-KMeans
fonder,0.5,estimated,0.8599267399267398,0.6813333333333332,0.7602827822510829,COP-KMeans
appuyer,0.5,estimated,0.5535458330489387,0.5223935728137409,0.537518713747912,COP-KMeans
changer,0.5,estimated,0.40711462450592883,0.6244565217391304,0.4928896680157096,COP-KMeans
chuter,0.5,estimated,1.0,1.0,0.999999995,COP-KMeans
soutenir,0.5,estimated,0.5324361628709454,0.6234388566085621,0.5743551580083638,COP-KMeans
concevoir,0.5,estimated,1.0,1.0,0.999999995,COP-KMeans
interroger,0.5,estimated,0.9057142857142857,1.0,0.9505247326434234,COP-KMeans
confirmer,0.5,estimated,0.3339160839160839,0.5626148705096073,0.41909574073410366,COP-KMeans
transformer,0.5,estimated,1.0,1.0,0.999999995,COP-KMeans
manifester,0.5,estimated,0.555393586005831,0.7032385603814176,0.6206327780293007,COP-KMeans
interpeller,0.5,estimated,1.0,1.0,0.999999995,COP-KMeans
signer,0.5,estimated,0.6927941176470589,0.7,0.6963784133297717,COP-KMeans
rester,0.5,estimated,0.4726950354609929,0.5807607994842038,0.5211851033411309,COP-KMeans
tuer,0.5,estimated,0.6651629072681704,0.6104956268221574,0.6366579017445538,COP-KMeans
indiquer,0.5,estimated,0.9361702127659575,1.0,0.9670329620384013,COP-KMeans
conduire,0.5,estimated,0.23682487725040915,0.5514184397163121,0.331343380481142,COP-KMeans
situer,0.5,estimated,0.9128888888888886,0.8609929078014186,0.8861817692471236,COP-KMeans
aider,0.5,estimated,0.26870748299319724,0.5494897959183673,0.3609203354562304,COP-KMeans
poursuivre,0.5,estimated,1.0,1.0,0.999999995,COP-KMeans
profiter,0.5,estimated,0.9657142857142857,1.0,0.9825581345364048,COP-KMeans
détenir,0.5,estimated,0.5391328248471106,0.5422155484267285,0.5406697875004806,COP-KMeans
lire,0.5,estimated,0.5253846153846154,0.5304761904761903,0.5279181216263089,COP-KMeans
contenir,0.5,estimated,0.527389903329753,0.5941690962099125,0.5587914314741013,COP-KMeans
noter,0.5,estimated,1.0,1.0,0.999999995,COP-KMeans
dater,0.5,estimated,1.0,1.0,0.999999995,COP-KMeans
adopter,0.5,estimated,0.5897904761904762,0.5791111111111111,0.5844020040316429,COP-KMeans
intervenir,0.5,estimated,1.0,1.0,0.999999995,COP-KMeans
conclure,0.5,estimated,0.5814814814814815,0.7197871572871574,0.6432843870737041,COP-KMeans
disputer,0.5,estimated,0.94,0.8336170212765959,0.8836180372444761,COP-KMeans
dominer,0.5,estimated,0.8076923076923076,0.9211711711711711,0.8607074807415536,COP-KMeans
enregistrer,0.5,estimated,0.7790849673202613,0.8806349206349208,0.8267532722951844,COP-KMeans
estimer,0.5,estimated,0.7220602526724975,0.5809523809523809,0.6438657752609332,COP-KMeans
appartenir,0.5,estimated,0.6115909090909091,0.6641249092229485,0.6367762286345985,COP-KMeans
arriver,0.5,estimated,0.9795918367346939,0.9673469387755101,0.9734308767868748,COP-KMeans
chercher,0.5,estimated,1.0,1.0,0.999999995,COP-KMeans
composer,0.5,estimated,0.9795918367346939,1.0,0.989690716650016,COP-KMeans
confier,0.5,estimated,1.0,1.0,0.999999995,COP-KMeans
