Lemma,Embedding,Classifier,Mean F1,Mean Precision,Mean Recall,Mean F-B-Cubed,Mean B-Cubed Precision,Mean B-Cubed Recall,Best K for KNN,Best KNN Mean F1
accomplir,tfidf,LogisticRegression,0.2241014799154334,0.203125,0.25,0.8045624577865302,0.6736111111111112,1.0,,
accomplir,tfidf,SVM,0.2241014799154334,0.203125,0.25,0.8045624577865302,0.6736111111111112,1.0,,
accomplir,tfidf,KNN-2,0.19615384615384618,0.19375,0.1986842105263158,0.7048449428822354,0.6833333333333333,0.7288377192982456,2.0,0.19615384615384618
accomplir,tfidf,KNN-4,0.22093023255813954,0.20221920289855072,0.24375,0.7909034258610482,0.6744414251207729,0.9604166666666667,4.0,0.22093023255813954
accomplir,tfidf,KNN-6,0.2241014799154334,0.203125,0.25,0.8045624577865302,0.6736111111111112,1.0,6.0,0.2241014799154334
accomplir,tfidf,KNN-8,0.2241014799154334,0.203125,0.25,0.8045624577865302,0.6736111111111112,1.0,8.0,0.2241014799154334
accomplir,tfidf,KNN-Best,0.2241014799154334,,,0.8045624577865302,,,6.0,0.2241014799154334
accomplir,tfidf,MLP,0.2241014799154334,0.203125,0.25,0.8045624577865302,0.6736111111111112,1.0,,
acquérir,tfidf,LogisticRegression,0.15900116144018583,0.132,0.2,0.6395536626686743,0.47039999999999993,1.0,,
acquérir,tfidf,SVM,0.15900116144018583,0.132,0.2,0.6395536626686743,0.47039999999999993,1.0,,
acquérir,tfidf,KNN-2,0.2925962325962326,0.3017857142857143,0.32610294117647054,0.711798206017991,0.6366666666666667,0.8089705882352941,2.0,0.2925962325962326
acquérir,tfidf,KNN-4,0.288001638001638,0.29702380952380947,0.3323529411764706,0.729928347300878,0.6334920634920636,0.8611764705882353,4.0,0.288001638001638
acquérir,tfidf,KNN-6,0.19120879120879122,0.18321739130434783,0.21875,0.6308106321573452,0.4769043478260869,0.9325,6.0,0.19120879120879122
acquérir,tfidf,KNN-8,0.15900116144018583,0.132,0.2,0.6395536626686743,0.47039999999999993,1.0,8.0,0.15900116144018583
acquérir,tfidf,KNN-Best,0.2925962325962326,,,0.711798206017991,,,2.0,0.2925962325962326
acquérir,tfidf,MLP,0.3165413533834587,0.30367965367965366,0.3416666666666667,0.736465971303424,0.6127705627705627,0.9233333333333333,,
adapter,tfidf,LogisticRegression,0.14857142857142858,0.18583333333333332,0.21666666666666667,0.46072530501255204,0.30333333333333334,0.9666666666666668,,
adapter,tfidf,SVM,0.11825396825396825,0.08399999999999999,0.2,0.4452351450539709,0.2864,1.0,,
adapter,tfidf,KNN-2,0.3396825396825397,0.3451388888888889,0.37348484848484853,0.5031523057816,0.41666666666666663,0.6385281385281385,2.0,0.3396825396825397
adapter,tfidf,KNN-4,0.489047619047619,0.5088235294117647,0.5094805194805194,0.5642161892345186,0.4556862745098039,0.7409696969696968,4.0,0.489047619047619
adapter,tfidf,KNN-6,0.3112544802867383,0.42261904761904767,0.32186147186147185,0.5387330272128901,0.40571428571428575,0.8026839826839827,6.0,0.3112544802867383
adapter,tfidf,KNN-8,0.2227124183006536,0.2934782608695652,0.2551948051948052,0.4916775455183763,0.35330434782608694,0.8274458874458875,8.0,0.2227124183006536
adapter,tfidf,KNN-Best,0.489047619047619,,,0.5642161892345186,,,4.0,0.489047619047619
adapter,tfidf,MLP,0.35571428571428576,0.42549019607843136,0.3594805194805195,0.5374885521890334,0.43999999999999995,0.6909696969696969,,
aggraver,tfidf,LogisticRegression,0.45029239766081874,0.41,0.5,0.827838822993734,0.708,1.0,,
aggraver,tfidf,SVM,0.45029239766081874,0.41,0.5,0.827838822993734,0.708,1.0,,
aggraver,tfidf,KNN-2,0.5940832473340214,0.6277777777777779,0.6,0.8477712345995979,0.764888888888889,0.96,2.0,0.5940832473340214
aggraver,tfidf,KNN-4,0.5555555555555556,0.5199999999999999,0.6,0.8476190427641723,0.7440000000000001,1.0,4.0,0.5555555555555556
aggraver,tfidf,KNN-6,0.5555555555555556,0.5199999999999999,0.6,0.8476190427641723,0.7440000000000001,1.0,6.0,0.5555555555555556
aggraver,tfidf,KNN-8,0.45029239766081874,0.41,0.5,0.827838822993734,0.708,1.0,8.0,0.45029239766081874
aggraver,tfidf,KNN-Best,0.5940832473340214,,,0.8477712345995979,,,2.0,0.5940832473340214
aggraver,tfidf,MLP,0.7712418300653594,0.8466666666666667,0.75,0.8775176601729682,0.8293333333333333,0.9400000000000001,,
ajouter,tfidf,LogisticRegression,0.3130252100840336,0.31507936507936507,0.35714285714285715,0.5517190130790418,0.44977435418611883,0.7179621848739496,,
ajouter,tfidf,SVM,0.18724099974099973,0.2178030303030303,0.2619047619047619,0.49823853846182303,0.3620627228163993,0.8319327731092437,,
ajouter,tfidf,KNN-2,0.39661416799574695,0.38660968660968664,0.4603174603174603,0.5995441659891038,0.5057503770739065,0.7485994397759104,2.0,0.39661416799574695
ajouter,tfidf,KNN-4,0.3565716690716691,0.3311718374218375,0.3988095238095238,0.5945835950650885,0.4946545284780579,0.7452731092436974,4.0,0.3565716690716691
ajouter,tfidf,KNN-6,0.32919041742571153,0.31251803751803753,0.3650793650793651,0.5669237936978665,0.4803295560648502,0.6974206349206349,6.0,0.32919041742571153
ajouter,tfidf,KNN-8,0.29053760996485456,0.291520979020979,0.3253968253968254,0.5387544466232371,0.4339477924036748,0.7128851540616248,8.0,0.29053760996485456
ajouter,tfidf,KNN-Best,0.39661416799574695,,,0.5995441659891038,,,2.0,0.39661416799574695
ajouter,tfidf,MLP,0.3007216775599128,0.28171296296296294,0.33730158730158727,0.4981994576792199,0.4106753812636166,0.6367296918767508,,
appliquer,tfidf,LogisticRegression,0.2766788766788767,0.2587037037037037,0.3555555555555555,0.6214047892136524,0.4599753086419753,0.9703703703703704,,
appliquer,tfidf,SVM,0.23968253968253966,0.1874074074074074,0.3333333333333333,0.6117439597752409,0.4408395061728395,1.0,,
appliquer,tfidf,KNN-2,0.33028860028860024,0.3519047619047619,0.3911111111111111,0.5685856509048636,0.48909523809523814,0.685037037037037,2.0,0.33028860028860024
appliquer,tfidf,KNN-4,0.27231361231361234,0.2596825396825396,0.3188888888888889,0.5554276911534934,0.4902857142857143,0.6427407407407406,4.0,0.27231361231361234
appliquer,tfidf,KNN-6,0.31912087912087916,0.31063492063492065,0.3388888888888889,0.5597881745329265,0.4988888888888889,0.6405185185185186,6.0,0.31912087912087916
appliquer,tfidf,KNN-8,0.31113775113775116,0.32142857142857145,0.3377777777777778,0.5864246636766148,0.49111111111111116,0.7305185185185185,8.0,0.31113775113775116
appliquer,tfidf,KNN-Best,0.33028860028860024,,,0.5685856509048636,,,2.0,0.33028860028860024
appliquer,tfidf,MLP,0.3825663225663226,0.3977513227513228,0.4144444444444444,0.6165003788679722,0.5253650793650794,0.7551851851851852,,
apporter,tfidf,LogisticRegression,0.12222222222222223,0.088,0.2,0.46813725131635076,0.30560000000000004,1.0,,
apporter,tfidf,SVM,0.12222222222222223,0.088,0.2,0.46813725131635076,0.30560000000000004,1.0,,
apporter,tfidf,KNN-2,0.3054022988505747,0.35736842105263156,0.3064935064935065,0.47858415879992244,0.3814736842105263,0.6448051948051947,2.0,0.3054022988505747
apporter,tfidf,KNN-4,0.22943988323298664,0.2472222222222222,0.23993506493506495,0.4858264703152467,0.4011111111111111,0.6166233766233766,4.0,0.22943988323298664
apporter,tfidf,KNN-6,0.17463054187192117,0.17317460317460315,0.19902597402597402,0.45853955264728563,0.3493968253968254,0.6683116883116883,6.0,0.17463054187192117
apporter,tfidf,KNN-8,0.13942959001782532,0.122266139657444,0.1961038961038961,0.4749176809909442,0.33288537549407116,0.8287012987012986,8.0,0.13942959001782532
apporter,tfidf,KNN-Best,0.3054022988505747,,,0.47858415879992244,,,2.0,0.3054022988505747
apporter,tfidf,MLP,0.22442566054635021,0.2837301587301587,0.2422077922077922,0.47417654898959605,0.3658730158730158,0.6820779220779221,,
chuter,tfidf,LogisticRegression,0.41,0.3476190476190476,0.5,0.731868127228636,0.5773242630385488,1.0,,
chuter,tfidf,SVM,0.41,0.3476190476190476,0.5,0.731868127228636,0.5773242630385488,1.0,,
chuter,tfidf,KNN-2,0.818888888888889,0.8166666666666667,0.8300000000000001,0.7913367706747059,0.7952380952380953,0.7876190476190477,2.0,0.818888888888889
chuter,tfidf,KNN-4,0.7188888888888889,0.7183333333333333,0.745,0.8016985119554036,0.800952380952381,0.8071428571428572,4.0,0.7188888888888889
chuter,tfidf,KNN-6,0.7062626262626263,0.7733333333333333,0.705,0.7700542151226244,0.7333333333333333,0.8138095238095238,6.0,0.7062626262626263
chuter,tfidf,KNN-8,0.6375757575757576,0.6447619047619048,0.655,0.7691101006622459,0.7164625850340136,0.8471428571428572,8.0,0.6375757575757576
chuter,tfidf,KNN-Best,0.818888888888889,,,0.7913367706747059,,,2.0,0.818888888888889
chuter,tfidf,MLP,0.7042424242424243,0.7100000000000001,0.725,0.8375350091030407,0.7834920634920635,0.9214285714285715,,
conduire,tfidf,LogisticRegression,0.24626068376068377,0.28821548821548826,0.29166666666666663,0.4677125818858787,0.32293771043771047,0.8731060606060607,,
conduire,tfidf,SVM,0.16349206349206347,0.17803030303030304,0.22916666666666666,0.40403421727313876,0.2596418732782369,0.9375,,
conduire,tfidf,KNN-2,0.3934854497354497,0.3916666666666667,0.4479166666666667,0.6124338298156395,0.5150252525252524,0.7679924242424243,2.0,0.3934854497354497
conduire,tfidf,KNN-4,0.3531746031746032,0.3402777777777778,0.4131944444444444,0.5701964344336876,0.4724116161616162,0.7244318181818182,4.0,0.3531746031746032
conduire,tfidf,KNN-6,0.30853174603174605,0.2881944444444444,0.3645833333333333,0.5347896095214477,0.4286616161616162,0.7174873737373737,6.0,0.30853174603174605
conduire,tfidf,KNN-8,0.29117063492063494,0.26111111111111107,0.36111111111111105,0.549753849481958,0.4517676767676767,0.7070707070707071,8.0,0.29117063492063494
conduire,tfidf,KNN-Best,0.3934854497354497,,,0.6124338298156395,,,2.0,0.3934854497354497
conduire,tfidf,MLP,0.36180555555555555,0.3652777777777777,0.3993055555555555,0.6083615647488488,0.5180555555555555,0.7383207070707071,,
confier,tfidf,LogisticRegression,0.8115911865911867,0.8589285714285715,0.82,0.770111468685335,0.7511904761904761,0.792,,
confier,tfidf,SVM,0.8128538128538129,0.8541666666666667,0.8200000000000001,0.7574860015606524,0.7416666666666667,0.7760000000000001,,
confier,tfidf,KNN-2,0.7431457431457431,0.8055555555555556,0.76,0.7050390297169438,0.6777777777777778,0.7440000000000001,2.0,0.7431457431457431
confier,tfidf,KNN-4,0.7422871572871573,0.811984126984127,0.76,0.7026853149773512,0.6733015873015873,0.744,4.0,0.7422871572871573
confier,tfidf,KNN-6,0.762893217893218,0.8303174603174603,0.78,0.7523754558222233,0.7246349206349206,0.792,6.0,0.762893217893218
confier,tfidf,KNN-8,0.7822871572871574,0.8519841269841271,0.7999999999999999,0.7666853149773513,0.7373015873015872,0.808,8.0,0.7822871572871574
confier,tfidf,KNN-Best,0.7822871572871574,,,0.7666853149773513,,,8.0,0.7822871572871574
confier,tfidf,MLP,0.7901265401265402,0.8279761904761905,0.8,0.767358376472352,0.7464285714285713,0.792,,
confirmer,tfidf,LogisticRegression,0.14188644688644686,0.10666666666666666,0.22916666666666666,0.4666318805479408,0.3219753086419753,0.8959259259259259,,
confirmer,tfidf,SVM,0.14148351648351648,0.09888888888888889,0.25,0.46538461181545865,0.3034567901234568,1.0,,
confirmer,tfidf,KNN-2,0.40393939393939393,0.3761904761904762,0.5125,0.575287076898251,0.4762962962962963,0.7388888888888888,2.0,0.40393939393939393
confirmer,tfidf,KNN-4,0.348015873015873,0.3533333333333334,0.3916666666666666,0.5623899125534357,0.5199999999999999,0.6188888888888889,4.0,0.348015873015873
confirmer,tfidf,KNN-6,0.21807359307359303,0.23142857142857146,0.2375,0.5542467124969249,0.4913968253968254,0.6648148148148147,6.0,0.21807359307359303
confirmer,tfidf,KNN-8,0.2194949494949495,0.2318452380952381,0.25416666666666665,0.5476004070797722,0.4650758377425044,0.7381481481481481,8.0,0.2194949494949495
confirmer,tfidf,KNN-Best,0.40393939393939393,,,0.575287076898251,,,2.0,0.40393939393939393
confirmer,tfidf,MLP,0.2587301587301587,0.29178571428571426,0.2666666666666666,0.5442590593679627,0.4613968253968254,0.6707407407407407,,
convenir,tfidf,LogisticRegression,0.26302031302031303,0.22547619047619047,0.3333333333333333,0.5650169569774431,0.41872201872201875,0.8701923076923077,,
convenir,tfidf,SVM,0.23999000999001,0.23508658008658007,0.30833333333333335,0.526207424525058,0.3829235579235579,0.8493589743589743,,
convenir,tfidf,KNN-2,0.37591269841269837,0.3483333333333334,0.44916666666666666,0.5821100479301164,0.5181089743589744,0.6685897435897437,2.0,0.37591269841269837
convenir,tfidf,KNN-4,0.5224206349206348,0.5516666666666666,0.5466666666666666,0.6250165341342746,0.5707264957264957,0.6982371794871794,4.0,0.5224206349206348
convenir,tfidf,KNN-6,0.31692612942612947,0.31333333333333335,0.3466666666666667,0.5780136489387839,0.4767272079772079,0.7503205128205128,6.0,0.31692612942612947
convenir,tfidf,KNN-8,0.28025946275946273,0.25642857142857145,0.32166666666666666,0.5620286548233634,0.4557030932030932,0.7487179487179487,8.0,0.28025946275946273
convenir,tfidf,KNN-Best,0.5224206349206348,,,0.6250165341342746,,,4.0,0.5224206349206348
convenir,tfidf,MLP,0.2885606060606061,0.27464285714285713,0.3416666666666666,0.5680360309362749,0.434672619047619,0.8213141025641025,,
coûter,tfidf,LogisticRegression,0.4111291486291486,0.4375,0.4291666666666667,0.49510029898497443,0.44004629629629627,0.5661111111111112,,
coûter,tfidf,SVM,0.19523809523809524,0.15104166666666666,0.29583333333333334,0.4648211819384131,0.3389583333333333,0.7799999999999999,,
coûter,tfidf,KNN-2,0.32109557109557113,0.33849206349206346,0.325,0.43382898179393514,0.3911607142857143,0.4877777777777778,2.0,0.32109557109557113
coûter,tfidf,KNN-4,0.49955507455507453,0.5148809523809523,0.5333333333333333,0.49171724207700507,0.45975529100529106,0.533888888888889,4.0,0.49955507455507453
coûter,tfidf,KNN-6,0.35548941798941797,0.37632275132275134,0.3583333333333334,0.5242269394969247,0.47721560846560845,0.5822222222222223,6.0,0.35548941798941797
coûter,tfidf,KNN-8,0.29044612794612795,0.2701839826839827,0.3333333333333333,0.43456491024740496,0.37061808561808557,0.5366666666666667,8.0,0.29044612794612795
coûter,tfidf,KNN-Best,0.49955507455507453,,,0.49171724207700507,,,4.0,0.49955507455507453
coûter,tfidf,MLP,0.38236531986531985,0.3829365079365079,0.4041666666666666,0.5055123093361511,0.4540806878306878,0.5705555555555556,,
dater,tfidf,LogisticRegression,0.4613691090471276,0.4288888888888889,0.5,0.8623312711340413,0.7604938271604939,1.0,,
dater,tfidf,SVM,0.4613691090471276,0.4288888888888889,0.5,0.8623312711340413,0.7604938271604939,1.0,,
dater,tfidf,KNN-2,0.567251461988304,0.54,0.6,0.8842490793412097,0.8,1.0,2.0,0.567251461988304
dater,tfidf,KNN-4,0.527251461988304,0.49000000000000005,0.5875,0.853283687722499,0.7777777777777778,0.961111111111111,4.0,0.527251461988304
dater,tfidf,KNN-6,0.4547514619883041,0.42750000000000005,0.4875,0.8453601904523207,0.7611111111111111,0.961111111111111,6.0,0.4547514619883041
dater,tfidf,KNN-8,0.4547514619883041,0.42750000000000005,0.4875,0.8453601904523207,0.7611111111111111,0.961111111111111,8.0,0.4547514619883041
dater,tfidf,KNN-Best,0.567251461988304,,,0.8842490793412097,,,2.0,0.567251461988304
dater,tfidf,MLP,0.4613691090471276,0.4288888888888889,0.5,0.8623312711340413,0.7604938271604939,1.0,,
dominer,tfidf,LogisticRegression,0.2176079734219269,0.19270833333333331,0.25,0.7609235661449674,0.6145833333333333,1.0,,
dominer,tfidf,SVM,0.2176079734219269,0.19270833333333331,0.25,0.7609235661449674,0.6145833333333333,1.0,,
dominer,tfidf,KNN-2,0.29454022988505746,0.32440476190476186,0.3296783625730994,0.6009260367912679,0.7579365079365079,0.501827485380117,2.0,0.29454022988505746
dominer,tfidf,KNN-4,0.3662698412698413,0.34305555555555556,0.43165204678362573,0.8115416844001275,0.8189814814814814,0.8067738791423,4.0,0.3662698412698413
dominer,tfidf,KNN-6,0.388475975975976,0.37672305764411024,0.4590643274853801,0.8009458419468367,0.7674916457811194,0.8374756335282652,6.0,0.388475975975976
dominer,tfidf,KNN-8,0.30357142857142855,0.26875,0.375,0.8340887729253122,0.726736111111111,1.0,8.0,0.30357142857142855
dominer,tfidf,KNN-Best,0.388475975975976,,,0.8009458419468367,,,6.0,0.388475975975976
dominer,tfidf,MLP,0.4368131868131868,0.46040372670807456,0.4375,0.8441920516794976,0.7421497584541064,0.9791666666666667,,
détenir,tfidf,LogisticRegression,0.6673992673992675,0.7023809523809524,0.7033333333333334,0.694520214261743,0.6384126984126984,0.7862222222222222,,
détenir,tfidf,SVM,0.5747985347985348,0.7055555555555555,0.635,0.6908636411320977,0.5927777777777778,0.8466666666666667,,
détenir,tfidf,KNN-2,0.7026373626373628,0.8041666666666668,0.7150000000000001,0.6930262805267372,0.6471428571428571,0.7506666666666667,2.0,0.7026373626373628
détenir,tfidf,KNN-4,0.729761904761905,0.8281746031746031,0.7483333333333333,0.7104088949280023,0.6700000000000002,0.7642222222222221,4.0,0.729761904761905
détenir,tfidf,KNN-6,0.7856893106893107,0.8470238095238096,0.7933333333333333,0.7332184281031721,0.7103439153439154,0.7593333333333333,6.0,0.7856893106893107
détenir,tfidf,KNN-8,0.7856893106893107,0.8357142857142857,0.7883333333333333,0.7278570819908724,0.7077248677248678,0.7493333333333333,8.0,0.7856893106893107
détenir,tfidf,KNN-Best,0.7856893106893107,,,0.7332184281031721,,,6.0,0.7856893106893107
détenir,tfidf,MLP,0.7094771894771894,0.7247619047619047,0.7083333333333333,0.6266163351819648,0.6164867724867724,0.6373333333333334,,
enregistrer,tfidf,LogisticRegression,0.21873045653533457,0.19441699604743085,0.25,0.7688056455469112,0.6244864003499508,1.0,,
enregistrer,tfidf,SVM,0.21873045653533457,0.19441699604743085,0.25,0.7688056455469112,0.6244864003499508,1.0,,
enregistrer,tfidf,KNN-2,0.23002929037411796,0.23026315789473684,0.309640522875817,0.6729724857818006,0.6830143540669855,0.6720530109276912,2.0,0.23002929037411796
enregistrer,tfidf,KNN-4,0.22147435897435896,0.19886363636363635,0.25,0.781228069344181,0.6556773266259435,0.9710144927536233,4.0,0.22147435897435896
enregistrer,tfidf,KNN-6,0.21873045653533457,0.19441699604743085,0.25,0.7688056455469112,0.6244864003499508,1.0,6.0,0.21873045653533457
enregistrer,tfidf,KNN-8,0.21873045653533457,0.19441699604743085,0.25,0.7688056455469112,0.6244864003499508,1.0,8.0,0.21873045653533457
enregistrer,tfidf,KNN-Best,0.23002929037411796,,,0.6729724857818006,,,2.0,0.23002929037411796
enregistrer,tfidf,MLP,0.21873045653533457,0.19441699604743085,0.25,0.7688056455469112,0.6244864003499508,1.0,,
estimer,tfidf,LogisticRegression,0.44305555555555554,0.3977777777777778,0.5,0.8058279980317152,0.6748641975308642,1.0,,
estimer,tfidf,SVM,0.44305555555555554,0.3977777777777778,0.5,0.8058279980317152,0.6748641975308642,1.0,,
estimer,tfidf,KNN-2,0.7340476190476191,0.7625,0.7875,0.7752546362448397,0.8044444444444444,0.7527777777777778,2.0,0.7340476190476191
estimer,tfidf,KNN-4,0.6617765567765568,0.648611111111111,0.7125,0.756591266397895,0.7585308641975308,0.775,4.0,0.6617765567765568
estimer,tfidf,KNN-6,0.6305065359477124,0.6323809523809524,0.6625,0.7898722487792059,0.743689594356261,0.865,6.0,0.6305065359477124
estimer,tfidf,KNN-8,0.5541666666666666,0.5177777777777777,0.6,0.8439232360906722,0.7388641975308642,1.0,8.0,0.5541666666666666
estimer,tfidf,KNN-Best,0.7340476190476191,,,0.7752546362448397,,,2.0,0.7340476190476191
estimer,tfidf,MLP,0.6979575163398692,0.7355555555555555,0.7,0.8638556476965359,0.7957530864197531,0.96,,
indiquer,tfidf,LogisticRegression,0.3023088023088023,0.27657004830917875,0.3333333333333333,0.8280437183843306,0.7065644034866625,1.0,,
indiquer,tfidf,SVM,0.3023088023088023,0.27657004830917875,0.3333333333333333,0.8280437183843306,0.7065644034866625,1.0,,
indiquer,tfidf,KNN-2,0.5595103044053695,0.6222002635046113,0.5555555555555556,0.8617390110322881,0.7747035573122529,0.9710144927536233,2.0,0.5595103044053695
indiquer,tfidf,KNN-4,0.3023088023088023,0.27657004830917875,0.3333333333333333,0.8280437183843306,0.7065644034866625,1.0,4.0,0.3023088023088023
indiquer,tfidf,KNN-6,0.3023088023088023,0.27657004830917875,0.3333333333333333,0.8280437183843306,0.7065644034866625,1.0,6.0,0.3023088023088023
indiquer,tfidf,KNN-8,0.3023088023088023,0.27657004830917875,0.3333333333333333,0.8280437183843306,0.7065644034866625,1.0,8.0,0.3023088023088023
indiquer,tfidf,KNN-Best,0.5595103044053695,,,0.8617390110322881,,,2.0,0.5595103044053695
indiquer,tfidf,MLP,0.3023088023088023,0.27657004830917875,0.3333333333333333,0.8280437183843306,0.7065644034866625,1.0,,
interpeller,tfidf,LogisticRegression,0.48936170212765956,0.4791666666666667,0.5,0.9584086749363167,0.920138888888889,1.0,,
interpeller,tfidf,SVM,0.48936170212765956,0.4791666666666667,0.5,0.9584086749363167,0.920138888888889,1.0,,
interpeller,tfidf,KNN-2,0.47801418439716314,0.478219696969697,0.4782608695652174,0.9205287272607245,0.9202967171717172,0.9239130434782608,2.0,0.47801418439716314
interpeller,tfidf,KNN-4,0.48936170212765956,0.4791666666666667,0.5,0.9584086749363167,0.920138888888889,1.0,4.0,0.48936170212765956
interpeller,tfidf,KNN-6,0.48936170212765956,0.4791666666666667,0.5,0.9584086749363167,0.920138888888889,1.0,6.0,0.48936170212765956
interpeller,tfidf,KNN-8,0.48936170212765956,0.4791666666666667,0.5,0.9584086749363167,0.920138888888889,1.0,8.0,0.48936170212765956
interpeller,tfidf,KNN-Best,0.48936170212765956,,,0.9584086749363167,,,4.0,0.48936170212765956
interpeller,tfidf,MLP,0.48936170212765956,0.4791666666666667,0.5,0.9584086749363167,0.920138888888889,1.0,,
interroger,tfidf,LogisticRegression,0.2791461412151067,0.24019607843137258,0.3333333333333333,0.7274435364749262,0.5719164504036908,1.0,,
interroger,tfidf,SVM,0.2791461412151067,0.24019607843137258,0.3333333333333333,0.7274435364749262,0.5719164504036908,1.0,,
interroger,tfidf,KNN-2,0.4354497354497355,0.5370370370370371,0.4444444444444445,0.7215170945986337,0.6354166666666666,0.8439542483660131,2.0,0.4354497354497355
interroger,tfidf,KNN-4,0.521978021978022,0.5529100529100529,0.5185185185185185,0.7554603070973176,0.7173494397759104,0.7982026143790849,4.0,0.521978021978022
interroger,tfidf,KNN-6,0.4855021521688188,0.4936507936507937,0.5,0.7137482585268597,0.6794000933706815,0.7565359477124183,6.0,0.4855021521688188
interroger,tfidf,KNN-8,0.31409884283447503,0.28278867102396515,0.3703703703703704,0.6775368400745926,0.5783400615148019,0.861111111111111,8.0,0.31409884283447503
interroger,tfidf,KNN-Best,0.521978021978022,,,0.7554603070973176,,,4.0,0.521978021978022
interroger,tfidf,MLP,0.46860670194003523,0.5425925925925926,0.47222222222222227,0.7349371672196273,0.6610702614379086,0.8341503267973857,,
intervenir,tfidf,LogisticRegression,0.2791175791175791,0.36144927536231886,0.35185185185185186,0.6528506086712655,0.49484637681159427,0.962962962962963,,
intervenir,tfidf,SVM,0.24246513720197932,0.19055555555555556,0.3333333333333333,0.6476527411541337,0.47891944444444445,1.0,,
intervenir,tfidf,KNN-2,0.46620397523623336,0.4822303921568628,0.4928571428571429,0.635260885587577,0.588890931372549,0.689595238095238,2.0,0.46620397523623336
intervenir,tfidf,KNN-4,0.4222912353347136,0.45674603174603173,0.4481481481481482,0.6096309627305425,0.5448809523809524,0.6989629629629628,4.0,0.4222912353347136
intervenir,tfidf,KNN-6,0.3558948458948459,0.39257964257964256,0.3825396825396825,0.5632509141990727,0.4940209790209791,0.6696904761904762,6.0,0.3558948458948459
intervenir,tfidf,KNN-8,0.40634920634920635,0.43446830946830944,0.42301587301587307,0.578996075337583,0.5199350649350649,0.661595238095238,8.0,0.40634920634920635
intervenir,tfidf,KNN-Best,0.46620397523623336,,,0.635260885587577,,,2.0,0.46620397523623336
intervenir,tfidf,MLP,0.46839043309631545,0.5611111111111111,0.47407407407407404,0.7005976631415448,0.6164880952380951,0.8114074074074074,,
lire,tfidf,LogisticRegression,0.1646733111849391,0.14,0.2,0.6810588881793405,0.5168,1.0,,
lire,tfidf,SVM,0.1646733111849391,0.14,0.2,0.6810588881793405,0.5168,1.0,,
lire,tfidf,KNN-2,0.21376306620209062,0.24166666666666664,0.22745098039215686,0.6891075875645833,0.5466666666666666,0.9356862745098038,2.0,0.21376306620209062
lire,tfidf,KNN-4,0.21666666666666667,0.243,0.23333333333333334,0.6953890578568583,0.5439333333333334,0.9733333333333333,4.0,0.21666666666666667
lire,tfidf,KNN-6,0.1646733111849391,0.14,0.2,0.6810588881793405,0.5168,1.0,6.0,0.1646733111849391
lire,tfidf,KNN-8,0.1646733111849391,0.14,0.2,0.6810588881793405,0.5168,1.0,8.0,0.1646733111849391
lire,tfidf,KNN-Best,0.21666666666666667,,,0.6953890578568583,,,4.0,0.21666666666666667
lire,tfidf,MLP,0.2853077816492451,0.3458333333333333,0.2833333333333333,0.714308500193858,0.5716666666666668,0.9533333333333333,,
manifester,tfidf,LogisticRegression,0.34334554334554335,0.3253703703703703,0.4222222222222222,0.623291122030211,0.4620000000000001,0.9733333333333334,,
manifester,tfidf,SVM,0.3546153846153846,0.32611111111111113,0.4333333333333333,0.6272850741801718,0.4677777777777778,0.9800000000000001,,
manifester,tfidf,KNN-2,0.4048840048840049,0.3945767195767195,0.4666666666666666,0.6550294148510407,0.5883333333333334,0.7637037037037037,2.0,0.4048840048840049
manifester,tfidf,KNN-4,0.45188811188811184,0.455952380952381,0.47777777777777775,0.6585357296854142,0.5832539682539684,0.7703703703703704,4.0,0.45188811188811184
manifester,tfidf,KNN-6,0.4544877344877345,0.45849206349206356,0.47555555555555545,0.6015876238881326,0.5391904761904762,0.6917037037037036,6.0,0.4544877344877345
manifester,tfidf,KNN-8,0.4782905982905983,0.5583333333333333,0.4888888888888888,0.6431657343891841,0.5533333333333333,0.7837037037037036,8.0,0.4782905982905983
manifester,tfidf,KNN-Best,0.4782905982905983,,,0.6431657343891841,,,8.0,0.4782905982905983
manifester,tfidf,MLP,0.5574358974358974,0.5873015873015872,0.5755555555555555,0.6872098660574499,0.6184126984126983,0.785037037037037,,
observer,tfidf,LogisticRegression,0.20227272727272727,0.16987179487179485,0.25,0.6669465492937524,0.5004520052596977,1.0,,
observer,tfidf,SVM,0.20227272727272727,0.16987179487179485,0.25,0.6669465492937524,0.5004520052596977,1.0,,
observer,tfidf,KNN-2,0.2743666056166056,0.2881944444444444,0.3333333333333333,0.600282861583109,0.6597222222222221,0.5552884615384615,2.0,0.2743666056166056
observer,tfidf,KNN-4,0.2880665204678362,0.25426136363636365,0.3454861111111111,0.680827085531253,0.6017555361305361,0.7880608974358975,4.0,0.2880665204678362
observer,tfidf,KNN-6,0.2713345864661654,0.2457386363636364,0.3055555555555556,0.7353704852110075,0.6115967365967366,0.9241452991452991,6.0,0.2713345864661654
observer,tfidf,KNN-8,0.20997095010252903,0.18105332167832167,0.25,0.7221317385489866,0.5812040523578985,0.9583333333333333,8.0,0.20997095010252903
observer,tfidf,KNN-Best,0.2880665204678362,,,0.680827085531253,,,4.0,0.2880665204678362
observer,tfidf,MLP,0.20227272727272727,0.16987179487179485,0.25,0.6669465492937524,0.5004520052596977,1.0,,
prononcer,tfidf,LogisticRegression,0.2564583175109491,0.2814102564102564,0.31666666666666665,0.5325207076871696,0.3793363499245852,0.9080882352941176,,
prononcer,tfidf,SVM,0.10289227680532027,0.0693627450980392,0.20000000000000004,0.3976665437378231,0.24826088523644751,1.0,,
prononcer,tfidf,KNN-2,0.3988034188034188,0.48068783068783066,0.41111111111111115,0.49661191906488406,0.4289604730781201,0.594158496732026,2.0,0.3988034188034188
prononcer,tfidf,KNN-4,0.35822284469343285,0.39826839826839827,0.3844444444444444,0.5401543678679747,0.4487853853662678,0.6783496732026144,4.0,0.35822284469343285
prononcer,tfidf,KNN-6,0.34333222333222335,0.34126984126984133,0.3811111111111111,0.5618012185839197,0.482390873015873,0.6780637254901961,6.0,0.34333222333222335
prononcer,tfidf,KNN-8,0.34071428571428575,0.3386363636363636,0.39999999999999997,0.5812560315863914,0.4845049762329174,0.7377450980392156,8.0,0.34071428571428575
prononcer,tfidf,KNN-Best,0.3988034188034188,,,0.49661191906488406,,,2.0,0.3988034188034188
prononcer,tfidf,MLP,0.30650793650793645,0.31357142857142856,0.35888888888888887,0.539428444724399,0.41088935574229685,0.7863153594771242,,
respecter,tfidf,LogisticRegression,0.45552115583075337,0.4188888888888888,0.5,0.8440162528455225,0.7324938271604938,1.0,,
respecter,tfidf,SVM,0.45552115583075337,0.4188888888888888,0.5,0.8440162528455225,0.7324938271604938,1.0,,
respecter,tfidf,KNN-2,0.5283516483516484,0.5488095238095239,0.6291666666666667,0.6588600356558408,0.7552380952380953,0.5866666666666667,2.0,0.5283516483516484
respecter,tfidf,KNN-4,0.406797385620915,0.4038095238095238,0.4138888888888889,0.7560842314951779,0.7429841269841271,0.7877777777777777,4.0,0.406797385620915
respecter,tfidf,KNN-6,0.4496732026143791,0.4177777777777777,0.48888888888888893,0.8282409170604053,0.7329382716049383,0.9644444444444444,6.0,0.4496732026143791
respecter,tfidf,KNN-8,0.45552115583075337,0.4188888888888888,0.5,0.8440162528455225,0.7324938271604938,1.0,8.0,0.45552115583075337
respecter,tfidf,KNN-Best,0.5283516483516484,,,0.6588600356558408,,,2.0,0.5283516483516484
respecter,tfidf,MLP,0.5555555555555556,0.5288888888888889,0.5888888888888889,0.8501587252675737,0.7724444444444445,0.9644444444444444,,
situer,tfidf,LogisticRegression,0.4845226458129684,0.4699754901960784,0.5,0.9401810679790622,0.8871197376009228,1.0,,
situer,tfidf,SVM,0.4845226458129684,0.4699754901960784,0.5,0.9401810679790622,0.8871197376009228,1.0,,
situer,tfidf,KNN-2,0.4845226458129684,0.4699754901960784,0.5,0.9401810679790622,0.8871197376009228,1.0,2.0,0.4845226458129684
situer,tfidf,KNN-4,0.4845226458129684,0.4699754901960784,0.5,0.9401810679790622,0.8871197376009228,1.0,4.0,0.4845226458129684
situer,tfidf,KNN-6,0.4845226458129684,0.4699754901960784,0.5,0.9401810679790622,0.8871197376009228,1.0,6.0,0.4845226458129684
situer,tfidf,KNN-8,0.4845226458129684,0.4699754901960784,0.5,0.9401810679790622,0.8871197376009228,1.0,8.0,0.4845226458129684
situer,tfidf,KNN-Best,0.4845226458129684,,,0.9401810679790622,,,2.0,0.4845226458129684
situer,tfidf,MLP,0.4845226458129684,0.4699754901960784,0.5,0.9401810679790622,0.8871197376009228,1.0,,
traduire,tfidf,LogisticRegression,0.4495238095238096,0.5365079365079366,0.47777777777777775,0.6489789103948527,0.5212698412698413,0.8703703703703705,,
traduire,tfidf,SVM,0.3157264957264957,0.31944444444444436,0.38888888888888884,0.5981898431909901,0.44466666666666665,0.9503703703703703,,
traduire,tfidf,KNN-2,0.8517171717171717,0.861111111111111,0.8511111111111112,0.9040177711856895,0.9062962962962964,0.9023703703703705,2.0,0.8517171717171717
traduire,tfidf,KNN-4,0.8983838383838384,0.9088888888888889,0.9088888888888889,0.8919299073913253,0.8924444444444444,0.8917037037037037,4.0,0.8983838383838384
traduire,tfidf,KNN-6,0.7088023088023088,0.7166666666666667,0.7333333333333333,0.8476002011369081,0.7762962962962964,0.9399999999999998,6.0,0.7088023088023088
traduire,tfidf,KNN-8,0.6277899877899877,0.6073015873015873,0.6755555555555556,0.7910133534125404,0.703015873015873,0.9111111111111111,8.0,0.6277899877899877
traduire,tfidf,KNN-Best,0.8983838383838384,,,0.8919299073913253,,,4.0,0.8983838383838384
traduire,tfidf,MLP,0.7072438672438672,0.7674603174603175,0.7,0.7802351209929085,0.7172486772486772,0.86,,
tuer,tfidf,LogisticRegression,0.4169117647058823,0.35777777777777775,0.5,0.7455507227020888,0.5948641975308642,1.0,,
tuer,tfidf,SVM,0.4169117647058823,0.35777777777777775,0.5,0.7455507227020888,0.5948641975308642,1.0,,
tuer,tfidf,KNN-2,0.5840196078431372,0.6755555555555556,0.588095238095238,0.7562509989014451,0.6776666666666668,0.8673015873015872,2.0,0.5840196078431372
tuer,tfidf,KNN-4,0.39387254901960783,0.3469444444444444,0.45714285714285713,0.7244131698481936,0.6078641975308642,0.9085714285714286,4.0,0.39387254901960783
tuer,tfidf,KNN-6,0.40955882352941175,0.3544444444444444,0.48571428571428577,0.7379152796190522,0.5988641975308642,0.9657142857142856,6.0,0.40955882352941175
tuer,tfidf,KNN-8,0.40220588235294114,0.35111111111111104,0.4714285714285714,0.7302798365360158,0.6028641975308642,0.9314285714285713,8.0,0.40220588235294114
tuer,tfidf,KNN-Best,0.5840196078431372,,,0.7562509989014451,,,2.0,0.5840196078431372
tuer,tfidf,MLP,0.4488725490196078,0.4552777777777778,0.4904761904761904,0.7267645832410716,0.6281111111111112,0.878095238095238,,
témoigner,tfidf,LogisticRegression,0.4724458204334366,0.4477777777777778,0.5,0.8968237192743483,0.8129876543209876,1.0,,
témoigner,tfidf,SVM,0.4724458204334366,0.4477777777777778,0.5,0.8968237192743483,0.8129876543209876,1.0,,
témoigner,tfidf,KNN-2,0.568625730994152,0.5497222222222222,0.6416666666666666,0.8283337487032775,0.8406666666666667,0.8244444444444443,2.0,0.568625730994152
témoigner,tfidf,KNN-4,0.460749914000688,0.4455555555555556,0.47777777777777775,0.8652730477041141,0.8138765432098765,0.928888888888889,4.0,0.460749914000688
témoigner,tfidf,KNN-6,0.4724458204334366,0.4477777777777778,0.5,0.8968237192743483,0.8129876543209876,1.0,6.0,0.4724458204334366
témoigner,tfidf,KNN-8,0.4724458204334366,0.4477777777777778,0.5,0.8968237192743483,0.8129876543209876,1.0,8.0,0.4724458204334366
témoigner,tfidf,KNN-Best,0.568625730994152,,,0.8283337487032775,,,2.0,0.568625730994152
témoigner,tfidf,MLP,0.4724458204334366,0.4477777777777778,0.5,0.8968237192743483,0.8129876543209876,1.0,,
viser,tfidf,LogisticRegression,0.34047619047619043,0.27,0.4666666666666666,0.6723508726246507,0.528,0.9466666666666667,,
viser,tfidf,SVM,0.3583333333333333,0.27999999999999997,0.5,0.6771929779775315,0.512,1.0,,
viser,tfidf,KNN-2,0.39949494949494946,0.40523809523809523,0.4533333333333333,0.595104474000641,0.5457142857142857,0.6799999999999999,2.0,0.39949494949494946
viser,tfidf,KNN-4,0.37476190476190474,0.4317460317460317,0.4,0.5989556969425736,0.5692063492063493,0.6413333333333334,4.0,0.37476190476190474
viser,tfidf,KNN-6,0.4817316017316017,0.5422222222222223,0.5,0.6770467623874644,0.6564444444444445,0.7093333333333334,6.0,0.4817316017316017
viser,tfidf,KNN-8,0.45309523809523816,0.5072222222222222,0.4716666666666667,0.6330912901583161,0.6104444444444445,0.6673333333333333,8.0,0.45309523809523816
viser,tfidf,KNN-Best,0.4817316017316017,,,0.6770467623874644,,,6.0,0.4817316017316017
viser,tfidf,MLP,0.42766955266955264,0.41666666666666663,0.44833333333333325,0.594270638489238,0.5666666666666667,0.6273333333333333,,
accomplir,camembert,LogisticRegression,0.22077922077922077,0.20199275362318841,0.24342105263157893,0.7927648923821788,0.6748943236714977,0.9605263157894737,,
accomplir,camembert,SVM,0.2241014799154334,0.203125,0.25,0.8045624577865302,0.6736111111111112,1.0,,
accomplir,camembert,KNN-2,0.24812030075187969,0.2297705314009662,0.34342105263157896,0.7326300752943776,0.6835748792270532,0.8063596491228071,2.0,0.24812030075187969
accomplir,camembert,KNN-4,0.3485603543743079,0.3319128787878788,0.36875,0.8123899364423202,0.7094381313131313,0.9604166666666667,4.0,0.3485603543743079
accomplir,camembert,KNN-6,0.2202212138400454,0.20610119047619047,0.2375,0.7714384992342201,0.6803075396825397,0.9041666666666666,6.0,0.2202212138400454
accomplir,camembert,KNN-8,0.2241014799154334,0.203125,0.25,0.8045624577865302,0.6736111111111112,1.0,8.0,0.2241014799154334
accomplir,camembert,KNN-Best,0.3485603543743079,,,0.8123899364423202,,,4.0,0.3485603543743079
accomplir,camembert,MLP,0.22077922077922077,0.20199275362318841,0.24342105263157893,0.7927648923821788,0.6748943236714977,0.9605263157894737,,
acquérir,camembert,LogisticRegression,0.46619047619047616,0.5080994152046783,0.46911764705882353,0.8109467119470974,0.7434035087719297,0.8923529411764706,,
acquérir,camembert,SVM,0.15900116144018583,0.132,0.2,0.6395536626686743,0.47039999999999993,1.0,,
acquérir,camembert,KNN-2,0.302172096908939,0.310952380952381,0.31666666666666665,0.7507706552112678,0.6429523809523809,0.9033333333333333,2.0,0.302172096908939
acquérir,camembert,KNN-4,0.23082706766917294,0.20367965367965368,0.26666666666666666,0.7282825534102086,0.597922077922078,0.9333333333333333,4.0,0.23082706766917294
acquérir,camembert,KNN-6,0.23082706766917294,0.20367965367965368,0.26666666666666666,0.7282825534102086,0.597922077922078,0.9333333333333333,6.0,0.23082706766917294
acquérir,camembert,KNN-8,0.19343339587242026,0.17006060606060605,0.22745098039215686,0.6314342514587092,0.48661818181818184,0.915686274509804,8.0,0.19343339587242026
acquérir,camembert,KNN-Best,0.302172096908939,,,0.7507706552112678,,,2.0,0.302172096908939
acquérir,camembert,MLP,0.46054621848739496,0.49777777777777776,0.46911764705882353,0.8158712231802014,0.7515555555555555,0.8923529411764706,,
adapter,camembert,LogisticRegression,0.5099896480331263,0.47025641025641024,0.5666666666666667,0.7894801440653099,0.7083589743589742,0.8933333333333333,,
adapter,camembert,SVM,0.4477898550724637,0.415982905982906,0.5,0.7171168838595083,0.6115897435897435,0.8666666666666666,,
adapter,camembert,KNN-2,0.4653809523809524,0.485,0.5047619047619047,0.740099657452157,0.6611428571428571,0.8404761904761906,2.0,0.4653809523809524
adapter,camembert,KNN-4,0.4544505494505494,0.4727106227106227,0.48571428571428565,0.7542346498885141,0.6763736263736264,0.8523809523809524,4.0,0.4544505494505494
adapter,camembert,KNN-6,0.43658974358974356,0.4552380952380952,0.4714285714285714,0.6777138802840957,0.5786666666666667,0.8195238095238095,6.0,0.43658974358974356
adapter,camembert,KNN-8,0.3910439560439561,0.37142857142857144,0.4380952380952381,0.6527284906825501,0.545142857142857,0.8195238095238095,8.0,0.3910439560439561
adapter,camembert,KNN-Best,0.4653809523809524,,,0.740099657452157,,,2.0,0.4653809523809524
adapter,camembert,MLP,0.6254761904761905,0.6509090909090909,0.6416666666666666,0.8370026531641064,0.7876363636363636,0.8933333333333333,,
aggraver,camembert,LogisticRegression,0.9215686274509803,0.9777777777777779,0.9,0.9437419304879502,0.928888888888889,0.96,,
aggraver,camembert,SVM,0.6993464052287581,0.7377777777777779,0.7,0.8675514543700362,0.8008888888888889,0.96,,
aggraver,camembert,KNN-2,0.8823529411764705,0.9666666666666668,0.85,0.915612898231925,0.8933333333333333,0.9400000000000001,2.0,0.8823529411764705
aggraver,camembert,KNN-4,0.8823529411764707,0.9666666666666666,0.85,0.9156128982319253,0.8933333333333333,0.9399999999999998,4.0,0.8823529411764707
aggraver,camembert,KNN-6,0.6659786721706226,0.7366666666666667,0.65,0.85773744040253,0.7933333333333333,0.9400000000000001,6.0,0.6659786721706226
aggraver,camembert,KNN-8,0.5940832473340214,0.6277777777777778,0.6,0.847771234599598,0.764888888888889,0.96,8.0,0.5940832473340214
aggraver,camembert,KNN-Best,0.8823529411764707,,,0.9156128982319253,,,4.0,0.8823529411764707
aggraver,camembert,MLP,1.0,1.0,1.0,0.9999999949999999,1.0,1.0,,
ajouter,camembert,LogisticRegression,0.60625,0.6030092592592592,0.6170634920634921,0.792485324216088,0.7594975490196078,0.8295401493930905,,
ajouter,camembert,SVM,0.41855534386494136,0.4023989898989899,0.46428571428571425,0.7457721807806942,0.6317364824717766,0.9103641456582633,,
ajouter,camembert,KNN-2,0.5730565730565731,0.5937049062049061,0.5813492063492064,0.692818425030067,0.6412815126050421,0.7539098972922501,2.0,0.5730565730565731
ajouter,camembert,KNN-4,0.48913549900392006,0.4761904761904761,0.5218253968253969,0.7477093487310492,0.6758481170245877,0.8419701213818861,4.0,0.48913549900392006
ajouter,camembert,KNN-6,0.45777103013945125,0.4875,0.48015873015873023,0.7372809633057266,0.6531590413943356,0.8485060690943044,6.0,0.45777103013945125
ajouter,camembert,KNN-8,0.5028490028490028,0.5585858585858586,0.5099206349206349,0.7253251011502998,0.6517924341453752,0.8176937441643325,8.0,0.5028490028490028
ajouter,camembert,KNN-Best,0.5730565730565731,,,0.692818425030067,,,2.0,0.5730565730565731
ajouter,camembert,MLP,0.7736742424242425,0.7662037037037037,0.7956349206349206,0.8747079060355282,0.8420819716775599,0.911297852474323,,
appliquer,camembert,LogisticRegression,0.7125348725348725,0.766984126984127,0.7177777777777778,0.761931211146846,0.7200740740740741,0.8131851851851852,,
appliquer,camembert,SVM,0.23968253968253966,0.1874074074074074,0.3333333333333333,0.6117439597752409,0.4408395061728395,1.0,,
appliquer,camembert,KNN-2,0.5464646464646464,0.5399999999999999,0.5744444444444443,0.6461820466071878,0.6071111111111112,0.6938518518518518,2.0,0.5464646464646464
appliquer,camembert,KNN-4,0.5747763347763347,0.5622222222222223,0.6088888888888888,0.5559952058132286,0.545037037037037,0.5705185185185184,4.0,0.5747763347763347
appliquer,camembert,KNN-6,0.4082972582972582,0.4198412698412698,0.43,0.6078765676313781,0.542878306878307,0.6923703703703704,6.0,0.4082972582972582
appliquer,camembert,KNN-8,0.3683760683760684,0.3785714285714286,0.4033333333333333,0.6222359210370944,0.5183333333333333,0.7848148148148149,8.0,0.3683760683760684
appliquer,camembert,KNN-Best,0.5747763347763347,,,0.5559952058132286,,,4.0,0.5747763347763347
appliquer,camembert,MLP,0.7947522847522848,0.8433333333333334,0.7955555555555555,0.772833670042863,0.7562962962962962,0.7931851851851851,,
apporter,camembert,LogisticRegression,0.3633549783549783,0.4034075573549257,0.36363636363636365,0.5185683105222385,0.4496288798920378,0.6187012987012986,,
apporter,camembert,SVM,0.12222222222222223,0.088,0.2,0.46813725131635076,0.30560000000000004,1.0,,
apporter,camembert,KNN-2,0.26589743589743586,0.3023391812865497,0.29253246753246753,0.5093756923815553,0.41239766081871343,0.6688311688311689,2.0,0.26589743589743586
apporter,camembert,KNN-4,0.27807692307692305,0.37333333333333335,0.2811688311688312,0.43721662252120314,0.3635555555555555,0.5483116883116883,4.0,0.27807692307692305
apporter,camembert,KNN-6,0.17069243156199676,0.1495192307692308,0.2038961038961039,0.4052137106491558,0.32346153846153847,0.5424675324675324,6.0,0.17069243156199676
apporter,camembert,KNN-8,0.18154223227752636,0.15625,0.2168831168831169,0.43624643690983866,0.33744444444444444,0.617012987012987,8.0,0.18154223227752636
apporter,camembert,KNN-Best,0.27807692307692305,,,0.43721662252120314,,,4.0,0.27807692307692305
apporter,camembert,MLP,0.5060225244520598,0.5833333333333334,0.48701298701298706,0.6252179014723073,0.5655555555555556,0.6997402597402598,,
chuter,camembert,LogisticRegression,0.9575757575757576,0.9833333333333334,0.95,0.9613445328185863,0.9523809523809523,0.9714285714285715,,
chuter,camembert,SVM,0.9575757575757576,0.9833333333333334,0.95,0.9613445328185863,0.9523809523809523,0.9714285714285715,,
chuter,camembert,KNN-2,0.9416666666666667,0.95,0.96,0.936904756906498,0.9428571428571428,0.9314285714285713,2.0,0.9416666666666667
chuter,camembert,KNN-4,0.968888888888889,0.9666666666666666,0.9800000000000001,0.9580034373413724,0.9619047619047618,0.9542857142857143,4.0,0.968888888888889
chuter,camembert,KNN-6,1.0,1.0,1.0,0.9999999949999999,1.0,1.0,6.0,1.0
chuter,camembert,KNN-8,0.9264646464646464,0.95,0.93,0.9193479751599586,0.9142857142857143,0.9257142857142856,8.0,0.9264646464646464
chuter,camembert,KNN-Best,1.0,,,0.9999999949999999,,,6.0,1.0
chuter,camembert,MLP,0.9575757575757576,0.9833333333333334,0.95,0.9613445328185863,0.9523809523809523,0.9714285714285715,,
conduire,camembert,LogisticRegression,0.4412698412698412,0.44791666666666663,0.4722222222222222,0.8443970599706687,0.8093434343434343,0.8832070707070707,,
conduire,camembert,SVM,0.34246031746031746,0.3361111111111111,0.4166666666666667,0.6453080085773607,0.5356060606060606,0.8156565656565656,,
conduire,camembert,KNN-2,0.45099206349206344,0.4569444444444445,0.5208333333333334,0.7167261921292294,0.6344065656565656,0.8244949494949495,2.0,0.45099206349206344
conduire,camembert,KNN-4,0.4722222222222222,0.44583333333333336,0.5833333333333334,0.7173773555152834,0.6338383838383839,0.8263888888888888,4.0,0.4722222222222222
conduire,camembert,KNN-6,0.44246031746031744,0.43333333333333335,0.5208333333333334,0.6742714746556888,0.6077651515151515,0.7601010101010102,6.0,0.44246031746031744
conduire,camembert,KNN-8,0.3904761904761905,0.37430555555555556,0.47916666666666663,0.6604835100925759,0.576199494949495,0.773989898989899,8.0,0.3904761904761905
conduire,camembert,KNN-Best,0.4722222222222222,,,0.7173773555152834,,,4.0,0.4722222222222222
conduire,camembert,MLP,0.45376984126984127,0.44791666666666663,0.4861111111111111,0.8479301983718434,0.8162878787878787,0.8832070707070707,,
confier,camembert,LogisticRegression,1.0,1.0,1.0,0.9999999949999999,1.0,1.0,,
confier,camembert,SVM,1.0,1.0,1.0,0.9999999949999999,1.0,1.0,,
confier,camembert,KNN-2,1.0,1.0,1.0,0.9999999949999999,1.0,1.0,2.0,1.0
confier,camembert,KNN-4,1.0,1.0,1.0,0.9999999949999999,1.0,1.0,4.0,1.0
confier,camembert,KNN-6,1.0,1.0,1.0,0.9999999949999999,1.0,1.0,6.0,1.0
confier,camembert,KNN-8,1.0,1.0,1.0,0.9999999949999999,1.0,1.0,8.0,1.0
confier,camembert,KNN-Best,1.0,,,0.9999999949999999,,,2.0,1.0
confier,camembert,MLP,1.0,1.0,1.0,0.9999999949999999,1.0,1.0,,
confirmer,camembert,LogisticRegression,0.5441666666666667,0.5549999999999999,0.5791666666666666,0.6299693092743656,0.5622222222222222,0.7881481481481482,,
confirmer,camembert,SVM,0.3253571428571428,0.27583333333333326,0.4083333333333333,0.5781686094201475,0.4488888888888889,0.8477777777777777,,
confirmer,camembert,KNN-2,0.4642929292929292,0.44261904761904763,0.5708333333333334,0.6524250199409295,0.6047195767195767,0.7303703703703703,2.0,0.4642929292929292
confirmer,camembert,KNN-4,0.5618506493506492,0.5916666666666666,0.5958333333333333,0.6535994682741908,0.6033862433862434,0.7281481481481481,4.0,0.5618506493506492
confirmer,camembert,KNN-6,0.6973809523809523,0.7391666666666665,0.7041666666666666,0.7073280544330928,0.6857037037037037,0.7318518518518518,6.0,0.6973809523809523
confirmer,camembert,KNN-8,0.4711183261183261,0.4609523809523809,0.5041666666666667,0.6462062582939708,0.5628465608465608,0.7674074074074074,8.0,0.4711183261183261
confirmer,camembert,KNN-Best,0.6973809523809523,,,0.7073280544330928,,,6.0,0.6973809523809523
confirmer,camembert,MLP,0.5798809523809524,0.5841666666666666,0.6124999999999999,0.677866602128495,0.6327777777777778,0.7614814814814815,,
convenir,camembert,LogisticRegression,0.6265873015873015,0.6283333333333333,0.6458333333333334,0.8303124604482621,0.8087606837606837,0.859775641025641,,
convenir,camembert,SVM,0.49527777777777776,0.44833333333333336,0.575,0.7926429561490267,0.6768162393162394,0.9583333333333333,,
convenir,camembert,KNN-2,0.5211904761904761,0.5183333333333333,0.5541666666666667,0.7471101454206324,0.6914529914529914,0.8197115384615384,2.0,0.5211904761904761
convenir,camembert,KNN-4,0.416525974025974,0.4,0.4625,0.7522563760080028,0.6759615384615385,0.8661858974358975,4.0,0.416525974025974
convenir,camembert,KNN-6,0.47598484848484846,0.4860714285714285,0.5125000000000001,0.7321708684744574,0.6203525641025641,0.9078525641025641,6.0,0.47598484848484846
convenir,camembert,KNN-8,0.36027777777777775,0.3132142857142857,0.4375,0.6715746102780223,0.5214781746031746,0.9495192307692308,8.0,0.36027777777777775
convenir,camembert,KNN-Best,0.5211904761904761,,,0.7471101454206324,,,2.0,0.5211904761904761
convenir,camembert,MLP,0.6296825396825396,0.6283333333333334,0.6541666666666667,0.8438642505264997,0.814636752136752,0.8806089743589743,,
coûter,camembert,LogisticRegression,0.4854437229437229,0.5042328042328043,0.5083333333333333,0.579381409967829,0.5273941798941799,0.6461111111111112,,
coûter,camembert,SVM,0.37420599552952494,0.44186507936507935,0.4041666666666666,0.5098375805092936,0.4434589947089947,0.6088888888888889,,
coûter,camembert,KNN-2,0.3795090258325553,0.4583333333333333,0.39999999999999997,0.5117886302133826,0.44411375661375657,0.6116666666666667,2.0,0.3795090258325553
coûter,camembert,KNN-4,0.40448070448070444,0.4444444444444444,0.4375,0.5137451338070137,0.45037037037037037,0.6005555555555556,4.0,0.40448070448070444
coûter,camembert,KNN-6,0.41390056022408966,0.4875,0.44166666666666665,0.5251491706824954,0.4615542328042328,0.62,6.0,0.41390056022408966
coûter,camembert,KNN-8,0.41173178673178673,0.46759259259259256,0.43333333333333335,0.4974235094697332,0.4348765432098766,0.5811111111111111,8.0,0.41173178673178673
coûter,camembert,KNN-Best,0.41390056022408966,,,0.5251491706824954,,,6.0,0.41390056022408966
coûter,camembert,MLP,0.4496003996003996,0.4661706349206349,0.4708333333333334,0.5591161593297491,0.5060284391534391,0.6261111111111112,,
dater,camembert,LogisticRegression,1.0,1.0,1.0,0.9999999949999999,1.0,1.0,,
dater,camembert,SVM,1.0,1.0,1.0,0.9999999949999999,1.0,1.0,,
dater,camembert,KNN-2,1.0,1.0,1.0,0.9999999949999999,1.0,1.0,2.0,1.0
dater,camembert,KNN-4,1.0,1.0,1.0,0.9999999949999999,1.0,1.0,4.0,1.0
dater,camembert,KNN-6,1.0,1.0,1.0,0.9999999949999999,1.0,1.0,6.0,1.0
dater,camembert,KNN-8,0.9607843137254901,0.9888888888888889,0.95,0.971870962743975,0.9644444444444445,0.9800000000000001,8.0,0.9607843137254901
dater,camembert,KNN-Best,1.0,,,0.9999999949999999,,,2.0,1.0
dater,camembert,MLP,1.0,1.0,1.0,0.9999999949999999,1.0,1.0,,
dominer,camembert,LogisticRegression,0.38125000000000003,0.38203463203463206,0.3958333333333333,0.8376979573466017,0.7490079365079365,0.9513888888888888,,
dominer,camembert,SVM,0.30357142857142855,0.3220108695652174,0.3125,0.7764951152672781,0.6466636473429952,0.9791666666666667,,
dominer,camembert,KNN-2,0.25469924812030076,0.24843749999999998,0.27923976608187134,0.7589892955263915,0.7734375,0.7486598440545809,2.0,0.25469924812030076
dominer,camembert,KNN-4,0.29305555555555557,0.2689393939393939,0.3618421052631579,0.8211360405185717,0.7638888888888888,0.8954678362573099,4.0,0.29305555555555557
dominer,camembert,KNN-6,0.2732176360225141,0.24782608695652175,0.3125,0.8241553289993291,0.7307971014492753,0.9513888888888888,6.0,0.2732176360225141
dominer,camembert,KNN-8,0.2854965156794425,0.26420454545454547,0.3125,0.7857240131819555,0.6608270202020201,0.9791666666666667,8.0,0.2854965156794425
dominer,camembert,KNN-Best,0.29305555555555557,,,0.8211360405185717,,,4.0,0.29305555555555557
dominer,camembert,MLP,0.5038461538461538,0.5383928571428571,0.5208333333333333,0.8724489746261818,0.8056547619047618,0.9513888888888888,,
détenir,camembert,LogisticRegression,0.8688023088023089,0.9016666666666667,0.865,0.8174580131193933,0.8056296296296296,0.8306666666666667,,
détenir,camembert,SVM,0.8873376623376623,0.9297619047619048,0.885,0.8614141575349287,0.8458201058201057,0.8786666666666667,,
détenir,camembert,KNN-2,0.9088023088023087,0.9416666666666668,0.905,0.8814580131193932,0.8696296296296296,0.8946666666666665,2.0,0.9088023088023087
détenir,camembert,KNN-4,0.8043512043512043,0.8505952380952382,0.8083333333333332,0.7578420869863806,0.7374867724867726,0.7813333333333333,4.0,0.8043512043512043
détenir,camembert,KNN-6,0.8469336219336219,0.8964285714285716,0.845,0.7960755121166336,0.7791534391534392,0.8146666666666667,6.0,0.8469336219336219
détenir,camembert,KNN-8,0.8254689754689755,0.8654761904761905,0.825,0.7933224199036506,0.7743915343915344,0.8146666666666667,8.0,0.8254689754689755
détenir,camembert,KNN-Best,0.9088023088023087,,,0.8814580131193932,,,2.0,0.9088023088023087
détenir,camembert,MLP,0.9797979797979798,0.9833333333333334,0.9800000000000001,0.9673306722908525,0.9666666666666666,0.968,,
enregistrer,camembert,LogisticRegression,0.5921703296703297,0.6349206349206349,0.5968137254901962,0.8135529558740391,0.755270092226614,0.8827791986359761,,
enregistrer,camembert,SVM,0.21873045653533457,0.19441699604743085,0.25,0.7688056455469112,0.6244864003499508,1.0,,
enregistrer,camembert,KNN-2,0.5430555555555556,0.5266148325358853,0.5625,0.8348419895260233,0.7453193259829416,0.9545454545454546,2.0,0.5430555555555556
enregistrer,camembert,KNN-4,0.26845238095238094,0.2446338383838384,0.30514705882352944,0.7904842420391089,0.7002635046113308,0.9117647058823529,4.0,0.26845238095238094
enregistrer,camembert,KNN-6,0.28986486486486485,0.2710227272727273,0.3125,0.811358713821603,0.7063241106719368,0.9545454545454546,6.0,0.28986486486486485
enregistrer,camembert,KNN-8,0.21873045653533457,0.19441699604743085,0.25,0.7688056455469112,0.6244864003499508,1.0,8.0,0.21873045653533457
enregistrer,camembert,KNN-Best,0.5430555555555556,,,0.8348419895260233,,,2.0,0.5430555555555556
enregistrer,camembert,MLP,0.6489766081871345,0.6618421052631579,0.6458333333333333,0.8656526787451233,0.8131058872477637,0.9255599472990776,,
estimer,camembert,LogisticRegression,1.0,1.0,1.0,0.9999999949999999,1.0,1.0,,
estimer,camembert,SVM,0.9207843137254901,0.976388888888889,0.9,0.9409055711252645,0.9255555555555557,0.9577777777777777,,
estimer,camembert,KNN-2,1.0,1.0,1.0,0.9999999949999999,1.0,1.0,2.0,1.0
estimer,camembert,KNN-4,0.9207843137254901,0.976388888888889,0.9,0.9409055711252645,0.9255555555555557,0.9577777777777777,4.0,0.9207843137254901
estimer,camembert,KNN-6,0.9207843137254901,0.976388888888889,0.9,0.9409055711252645,0.9255555555555557,0.9577777777777777,6.0,0.9207843137254901
estimer,camembert,KNN-8,0.9207843137254901,0.976388888888889,0.9,0.9409055711252645,0.9255555555555557,0.9577777777777777,8.0,0.9207843137254901
estimer,camembert,KNN-Best,1.0,,,0.9999999949999999,,,2.0,1.0
estimer,camembert,MLP,1.0,1.0,1.0,0.9999999949999999,1.0,1.0,,
indiquer,camembert,LogisticRegression,0.47617697107203627,0.6222002635046113,0.4444444444444444,0.8485105009251825,0.7710803689064558,0.9432367149758454,,
indiquer,camembert,SVM,0.3023088023088023,0.27657004830917875,0.3333333333333333,0.8280437183843306,0.7065644034866625,1.0,,
indiquer,camembert,KNN-2,0.2845528455284553,0.2712842712842713,0.2995614035087719,0.7738704363784373,0.7109056402534664,0.8525600686498855,2.0,0.2845528455284553
indiquer,camembert,KNN-4,0.3023088023088023,0.27657004830917875,0.3333333333333333,0.8280437183843306,0.7065644034866625,1.0,4.0,0.3023088023088023
indiquer,camembert,KNN-6,0.3023088023088023,0.27657004830917875,0.3333333333333333,0.8280437183843306,0.7065644034866625,1.0,6.0,0.3023088023088023
indiquer,camembert,KNN-8,0.3023088023088023,0.27657004830917875,0.3333333333333333,0.8280437183843306,0.7065644034866625,1.0,8.0,0.3023088023088023
indiquer,camembert,KNN-Best,0.3023088023088023,,,0.8280437183843306,,,4.0,0.3023088023088023
indiquer,camembert,MLP,0.45526519550909794,0.5378787878787878,0.4361111111111111,0.8200883023480784,0.7508234519104084,0.9036533816425121,,
interpeller,camembert,LogisticRegression,0.48936170212765956,0.4791666666666667,0.5,0.9584086749363167,0.920138888888889,1.0,,
interpeller,camembert,SVM,0.48936170212765956,0.4791666666666667,0.5,0.9584086749363167,0.920138888888889,1.0,,
interpeller,camembert,KNN-2,0.7446808510638298,0.7395833333333334,0.75,0.9792043349681583,0.9600694444444444,1.0,2.0,0.7446808510638298
interpeller,camembert,KNN-4,0.48936170212765956,0.4791666666666667,0.5,0.9584086749363167,0.920138888888889,1.0,4.0,0.48936170212765956
interpeller,camembert,KNN-6,0.48936170212765956,0.4791666666666667,0.5,0.9584086749363167,0.920138888888889,1.0,6.0,0.48936170212765956
interpeller,camembert,KNN-8,0.48936170212765956,0.4791666666666667,0.5,0.9584086749363167,0.920138888888889,1.0,8.0,0.48936170212765956
interpeller,camembert,KNN-Best,0.7446808510638298,,,0.9792043349681583,,,2.0,0.7446808510638298
interpeller,camembert,MLP,0.48936170212765956,0.4791666666666667,0.5,0.9584086749363167,0.920138888888889,1.0,,
interroger,camembert,LogisticRegression,0.6285429385429385,0.632987382987383,0.6296296296296297,0.8924700694643257,0.855562737915679,0.9346405228758169,,
interroger,camembert,SVM,0.5620946954280287,0.6126984126984127,0.5462962962962963,0.8231046270488475,0.7562208216619982,0.90359477124183,,
interroger,camembert,KNN-2,0.5884194817528151,0.62002442002442,0.5833333333333334,0.8557134526477786,0.7921640451052215,0.9313725490196078,2.0,0.5884194817528151
interroger,camembert,KNN-4,0.5884194817528151,0.62002442002442,0.5833333333333334,0.8557134526477786,0.7921640451052215,0.9313725490196078,4.0,0.5884194817528151
interroger,camembert,KNN-6,0.5620946954280287,0.6126984126984127,0.5462962962962963,0.8231046270488475,0.7562208216619982,0.90359477124183,6.0,0.5620946954280287
interroger,camembert,KNN-8,0.5039750373083707,0.6007936507936508,0.49074074074074076,0.7881542750513213,0.70124883286648,0.90359477124183,8.0,0.5039750373083707
interroger,camembert,KNN-Best,0.5884194817528151,,,0.8557134526477786,,,2.0,0.5884194817528151
interroger,camembert,MLP,0.7688888888888888,0.7606837606837606,0.7777777777777777,0.9604530757655745,0.925339366515837,1.0,,
intervenir,camembert,LogisticRegression,0.5791144527986634,0.5701719576719576,0.591005291005291,0.7887056533896966,0.7533730158730159,0.8275343915343913,,
intervenir,camembert,SVM,0.5298474945533769,0.5583916083916084,0.5410052910052909,0.7335432190583135,0.685053613053613,0.7915343915343915,,
intervenir,camembert,KNN-2,0.6082192896709026,0.6330065359477124,0.6648148148148147,0.6860899302983968,0.6854248366013072,0.6869629629629629,2.0,0.6082192896709026
intervenir,camembert,KNN-4,0.5362717455403214,0.5394179894179894,0.5457671957671957,0.7119576545091729,0.6713095238095237,0.7583915343915344,4.0,0.5362717455403214
intervenir,camembert,KNN-6,0.4978213507625272,0.5167249417249418,0.5124338624338625,0.6904578083917936,0.6370536130536131,0.7583915343915344,6.0,0.4978213507625272
intervenir,camembert,KNN-8,0.48200402968204825,0.5011904761904762,0.493915343915344,0.6612579347847011,0.6067380952380952,0.7306137566137565,8.0,0.48200402968204825
intervenir,camembert,KNN-Best,0.6082192896709026,,,0.6860899302983968,,,2.0,0.6082192896709026
intervenir,camembert,MLP,0.5791144527986634,0.5701719576719576,0.591005291005291,0.7887056533896966,0.7533730158730159,0.8275343915343913,,
lire,camembert,LogisticRegression,0.40865497076023394,0.40368421052631576,0.42124183006535953,0.679983135037127,0.6223508771929824,0.7498039215686274,,
lire,camembert,SVM,0.1646733111849391,0.14,0.2,0.6810588881793405,0.5168,1.0,,
lire,camembert,KNN-2,0.38724354606707545,0.4125,0.3826797385620915,0.6794635415182183,0.6395,0.7316339869281046,2.0,0.38724354606707545
lire,camembert,KNN-4,0.29315789473684206,0.3011904761904762,0.29411764705882354,0.6741494104692454,0.5884761904761906,0.7890196078431373,4.0,0.29315789473684206
lire,camembert,KNN-6,0.2305458768873403,0.24166666666666667,0.24444444444444444,0.6918432521327729,0.5466666666666667,0.9422222222222222,6.0,0.2305458768873403
lire,camembert,KNN-8,0.2333144261675175,0.24283333333333335,0.25,0.6999783305163402,0.5445333333333333,0.98,8.0,0.2333144261675175
lire,camembert,KNN-Best,0.38724354606707545,,,0.6794635415182183,,,2.0,0.38724354606707545
lire,camembert,MLP,0.42428571428571427,0.41388888888888886,0.44313725490196076,0.6674975718390213,0.6455555555555554,0.6928104575163399,,
manifester,camembert,LogisticRegression,0.585050505050505,0.5722222222222222,0.6222222222222221,0.8477960943931375,0.8,0.9066666666666666,,
manifester,camembert,SVM,0.5367724867724867,0.4955555555555556,0.6177777777777778,0.8148688070370707,0.7286666666666668,0.9253333333333333,,
manifester,camembert,KNN-2,0.7961616161616162,0.8253968253968254,0.8,0.8505229605144209,0.8304761904761906,0.8733333333333333,2.0,0.7961616161616162
manifester,camembert,KNN-4,0.6540740740740741,0.6642857142857143,0.6733333333333333,0.7689271260332281,0.7404761904761905,0.8053333333333335,4.0,0.6540740740740741
manifester,camembert,KNN-6,0.6034632034632035,0.611111111111111,0.6444444444444444,0.8031407357665383,0.7770370370370371,0.837037037037037,6.0,0.6034632034632035
manifester,camembert,KNN-8,0.5662914862914863,0.5555555555555556,0.611111111111111,0.8149296945518308,0.7607407407407407,0.8822222222222222,8.0,0.5662914862914863
manifester,camembert,KNN-Best,0.7961616161616162,,,0.8505229605144209,,,2.0,0.7961616161616162
manifester,camembert,MLP,0.6785714285714286,0.65,0.7333333333333332,0.8872727223181819,0.8306666666666667,0.96,,
observer,camembert,LogisticRegression,0.5651122291021672,0.5847222222222221,0.578125,0.811903602138274,0.756445868945869,0.8766025641025641,,
observer,camembert,SVM,0.20227272727272727,0.16987179487179485,0.25,0.6669465492937524,0.5004520052596977,1.0,,
observer,camembert,KNN-2,0.35153186274509807,0.3508928571428571,0.4019097222222222,0.6615606395676871,0.6558913308913309,0.6733440170940171,2.0,0.35153186274509807
observer,camembert,KNN-4,0.37457000343997243,0.3514880952380952,0.4383680555555556,0.7423301008728214,0.674435286935287,0.8267895299145299,4.0,0.37457000343997243
observer,camembert,KNN-6,0.28814745196324143,0.26919642857142856,0.3446180555555556,0.7257913311370369,0.6392857142857143,0.8460202991452992,6.0,0.28814745196324143
observer,camembert,KNN-8,0.20227272727272727,0.16987179487179485,0.25,0.6669465492937524,0.5004520052596977,1.0,8.0,0.20227272727272727
observer,camembert,KNN-Best,0.37457000343997243,,,0.7423301008728214,,,4.0,0.37457000343997243
observer,camembert,MLP,0.5031680764411028,0.5234375,0.5625,0.7673281480856876,0.7211271367521368,0.8245192307692307,,
prononcer,camembert,LogisticRegression,0.7042328042328042,0.708888888888889,0.7255555555555556,0.8260378180900418,0.7764297385620914,0.8829248366013073,,
prononcer,camembert,SVM,0.601969881969882,0.6263492063492063,0.6277777777777778,0.7776972074012553,0.6939814814814816,0.8872549019607843,,
prononcer,camembert,KNN-2,0.6878306878306878,0.6988888888888889,0.7122222222222222,0.8081626535974414,0.7576797385620915,0.8662581699346404,2.0,0.6878306878306878
prononcer,camembert,KNN-4,0.6878306878306879,0.6888888888888888,0.708888888888889,0.7975482628940358,0.7489787581699346,0.8535130718954248,4.0,0.6878306878306879
prononcer,camembert,KNN-6,0.6856084656084657,0.6999999999999998,0.708888888888889,0.8093849682079696,0.7555147058823529,0.8731209150326796,6.0,0.6856084656084657
prononcer,camembert,KNN-8,0.6411233211233212,0.684126984126984,0.6555555555555554,0.7675582043982079,0.6999591503267973,0.8508986928104575,8.0,0.6411233211233212
prononcer,camembert,KNN-Best,0.6878306878306879,,,0.7975482628940358,,,4.0,0.6878306878306879
prononcer,camembert,MLP,0.7982091982091982,0.8142857142857144,0.8033333333333333,0.8913556819053622,0.8681722689075629,0.9164215686274509,,
respecter,camembert,LogisticRegression,0.5934640522875817,0.6355555555555554,0.5888888888888889,0.8481733286662692,0.7898271604938272,0.9244444444444444,,
respecter,camembert,SVM,0.45552115583075337,0.4188888888888888,0.5,0.8440162528455225,0.7324938271604938,1.0,,
respecter,camembert,KNN-2,0.8190686274509803,0.861111111111111,0.8652777777777778,0.8663003484061103,0.8800000000000001,0.8588888888888888,2.0,0.8190686274509803
respecter,camembert,KNN-4,0.7104231166150671,0.7566666666666666,0.7,0.9020439025103434,0.8533827160493827,0.96,4.0,0.7104231166150671
respecter,camembert,KNN-6,0.6326797385620916,0.6466666666666667,0.638888888888889,0.8763023609222943,0.8253827160493827,0.9444444444444443,6.0,0.6326797385620916
respecter,camembert,KNN-8,0.5215686274509804,0.5266666666666666,0.538888888888889,0.8382071228633373,0.7613827160493828,0.9444444444444444,8.0,0.5215686274509804
respecter,camembert,KNN-Best,0.8190686274509803,,,0.8663003484061103,,,2.0,0.8190686274509803
respecter,camembert,MLP,0.7538054695562435,0.8052777777777778,0.7375,0.8689617107175117,0.8378888888888889,0.905,,
situer,camembert,LogisticRegression,0.4845226458129684,0.4699754901960784,0.5,0.9401810679790622,0.8871197376009228,1.0,,
situer,camembert,SVM,0.4845226458129684,0.4699754901960784,0.5,0.9401810679790622,0.8871197376009228,1.0,,
situer,camembert,KNN-2,0.4845226458129684,0.4699754901960784,0.5,0.9401810679790622,0.8871197376009228,1.0,2.0,0.4845226458129684
situer,camembert,KNN-4,0.4845226458129684,0.4699754901960784,0.5,0.9401810679790622,0.8871197376009228,1.0,4.0,0.4845226458129684
situer,camembert,KNN-6,0.4845226458129684,0.4699754901960784,0.5,0.9401810679790622,0.8871197376009228,1.0,6.0,0.4845226458129684
situer,camembert,KNN-8,0.4845226458129684,0.4699754901960784,0.5,0.9401810679790622,0.8871197376009228,1.0,8.0,0.4845226458129684
situer,camembert,KNN-Best,0.4845226458129684,,,0.9401810679790622,,,2.0,0.4845226458129684
situer,camembert,MLP,0.6562398175301402,0.6464460784313726,0.6666666666666666,0.9597170875093569,0.9240286188004614,1.0,,
traduire,camembert,LogisticRegression,0.8955266955266955,0.9055555555555556,0.9,0.9548950999048487,0.9333333333333333,0.9800000000000001,,
traduire,camembert,SVM,0.8955266955266955,0.9055555555555556,0.9,0.9548950999048487,0.9333333333333333,0.9800000000000001,,
traduire,camembert,KNN-2,0.9472727272727273,0.9555555555555555,0.9444444444444444,0.9499259209264199,0.9466666666666667,0.9533333333333334,2.0,0.9472727272727273
traduire,camembert,KNN-4,0.9472727272727273,0.9555555555555555,0.9444444444444444,0.9499259209264199,0.9466666666666667,0.9533333333333334,4.0,0.9472727272727273
traduire,camembert,KNN-6,0.7558441558441559,0.788888888888889,0.7666666666666667,0.86931526800485,0.8133333333333332,0.9399999999999998,6.0,0.7558441558441559
traduire,camembert,KNN-8,0.7063492063492064,0.7142857142857143,0.7333333333333333,0.8629050116208921,0.7895238095238095,0.96,8.0,0.7063492063492064
traduire,camembert,KNN-Best,0.9472727272727273,,,0.9499259209264199,,,2.0,0.9472727272727273
traduire,camembert,MLP,0.8955266955266955,0.9055555555555556,0.9,0.9548950999048487,0.9333333333333333,0.9800000000000001,,
tuer,camembert,LogisticRegression,0.5022058823529412,0.5177777777777777,0.5380952380952381,0.7222547793204652,0.6231111111111111,0.8742857142857142,,
tuer,camembert,SVM,0.4169117647058823,0.35777777777777775,0.5,0.7455507227020888,0.5948641975308642,1.0,,
tuer,camembert,KNN-2,0.5575,0.6249999999999999,0.5714285714285714,0.7332800987840556,0.6464197530864196,0.8514285714285714,2.0,0.5575
tuer,camembert,KNN-4,0.4397058823529412,0.4066666666666666,0.4904761904761904,0.7079309698091945,0.6053333333333334,0.8666666666666666,4.0,0.4397058823529412
tuer,camembert,KNN-6,0.3863725490196078,0.3441666666666666,0.4428571428571429,0.7124407737298009,0.6103333333333334,0.8704761904761904,6.0,0.3863725490196078
tuer,camembert,KNN-8,0.40220588235294114,0.35111111111111104,0.4714285714285714,0.7302798365360158,0.6028641975308642,0.9314285714285713,8.0,0.40220588235294114
tuer,camembert,KNN-Best,0.5575,,,0.7332800987840556,,,2.0,0.5575
tuer,camembert,MLP,0.6611075199310494,0.6473809523809523,0.6952380952380952,0.7019389249465291,0.6720846560846561,0.7561904761904762,,
témoigner,camembert,LogisticRegression,0.7894736842105263,0.78,0.8,0.9604395554591234,0.9280000000000002,1.0,,
témoigner,camembert,SVM,0.6835913312693498,0.6688888888888889,0.7,0.9385217472519549,0.8884938271604937,1.0,,
témoigner,camembert,KNN-2,0.8547368421052631,0.8400000000000001,0.8875,0.9492543836108511,0.9417777777777779,0.961111111111111,2.0,0.8547368421052631
témoigner,camembert,KNN-4,0.7894736842105263,0.78,0.8,0.9604395554591234,0.9280000000000002,1.0,4.0,0.7894736842105263
témoigner,camembert,KNN-6,0.5783281733746131,0.5588888888888889,0.6,0.9187415274815166,0.8524938271604938,1.0,6.0,0.5783281733746131
témoigner,camembert,KNN-8,0.5783281733746131,0.5588888888888889,0.6,0.9187415274815166,0.8524938271604938,1.0,8.0,0.5783281733746131
témoigner,camembert,KNN-Best,0.8547368421052631,,,0.9492543836108511,,,2.0,0.8547368421052631
témoigner,camembert,MLP,0.8947368421052632,0.89,0.9,0.9802197752295617,0.9640000000000001,1.0,,
viser,camembert,LogisticRegression,0.9797979797979798,0.9800000000000001,0.9833333333333334,0.9673306722908526,0.968,0.9666666666666668,,
viser,camembert,SVM,0.895951270951271,0.9204761904761906,0.8983333333333334,0.8497779585222986,0.8432380952380953,0.8566666666666667,,
viser,camembert,KNN-2,0.9397979797979797,0.9466666666666667,0.95,0.9139973389575193,0.9146666666666666,0.9133333333333333,2.0,0.9397979797979797
viser,camembert,KNN-4,0.8997979797979797,0.9099999999999999,0.9066666666666666,0.8499973389575193,0.8493333333333334,0.8506666666666666,4.0,0.8997979797979797
viser,camembert,KNN-6,0.9195959595959595,0.9333333333333333,0.9266666666666665,0.8813280162483718,0.8800000000000001,0.8826666666666666,6.0,0.9195959595959595
viser,camembert,KNN-8,0.8946886446886447,0.9285714285714286,0.8949999999999999,0.8624034256469812,0.8514285714285714,0.874,8.0,0.8946886446886447
viser,camembert,KNN-Best,0.9397979797979797,,,0.9139973389575193,,,2.0,0.9397979797979797
viser,camembert,MLP,0.9797979797979798,0.9833333333333334,0.9800000000000001,0.9673306722908526,0.9666666666666666,0.968,,
